model;scenario;category;aggregated_category;reduction_rates_2020-2050;reduction_rates_2030-2050;reduction_rates_2020-2040;2020 emissions;2030 emissions;2030 emissions;2050 emissions
AIM/CGE 2.0;ADVANCE_2020_1.5C-2100;1.5C low overshoot;1.5C;;;-9.908451028;43907.5503;21076.1268;21076.1268;-413.2438
AIM/CGE 2.0;ADVANCE_2020_Med2C;Higher 2C;High 2C;-2.870102749;-1.308618766;-3.53146912;43943.2767;23872.383;23872.383;18343.4203
AIM/CGE 2.0;ADVANCE_2020_WB2C;Lower 2C;Low 2C;-5.437032194;-5.196435966;-5.944693069;43943.2767;23879.8703;23879.8703;8213.4431
AIM/CGE 2.0;ADVANCE_2030_Med2C;Above 2C;Other;-3.823245206;-5.413248;-4.46933246;43970.3298;41558.2299;41558.2299;13654.1067
AIM/CGE 2.0;ADVANCE_2030_Price1.5C;Lower 2C;Low 2C;-18.77080033;-26.55141748;-7.689147169;44557.478;41746.2485;41746.2485;87.1537
AIM/CGE 2.0;ADVANCE_2030_WB2C;Lower 2C;Low 2C;-8.789782138;-12.64447589;-4.485658304;43970.3298;41558.2299;41558.2299;2782.688
AIM/CGE 2.0;ADVANCE_INDC;Above 2C;Other;-0.867351181;-1.059276149;-0.59706241;44425.6961;42328.599;42328.599;34208.6205
AIM/CGE 2.0;ADVANCE_NoPolicy;Above 2C;Other;0.763860834;0.584196213;0.953495665;45938.1002;51371.473;51371.473;57718.7628
AIM/CGE 2.0;ADVANCE_Reference;Above 2C;Other;0.597352778;0.434601073;0.803746306;44425.6961;48703.8884;48703.8884;53116.6667
AIM/CGE 2.0;SFCM_SSP2_Bio_1p5Degree;Lower 2C;Low 2C;-4.950729133;-4.016322486;-5.210706185;39045.7254;19323.664;19323.664;8512.1092
AIM/CGE 2.0;SFCM_SSP2_Bio_2Degree;Above 2C;Other;-2.143490745;-2.08128415;-2.401229655;39045.7254;31042.0858;31042.0858;20382.8581
AIM/CGE 2.0;SFCM_SSP2_Bio_Baseline;Above 2C;Other;0.888063602;0.753722709;1.028688;45706.4089;51280.0761;51280.0761;59589.6308
AIM/CGE 2.0;SFCM_SSP2_EEEI_1p5Degree;Lower 2C;Low 2C;-5.72853494;-5.128315416;-5.862527179;37821.3648;18467.693;18467.693;6443.8421
AIM/CGE 2.0;SFCM_SSP2_EEEI_2Degree;Higher 2C;High 2C;-2.452894864;-2.530025598;-2.687393437;37821.3648;29974.4845;29974.4845;17954.3118
AIM/CGE 2.0;SFCM_SSP2_EEEI_Baseline;Above 2C;Other;0.449382051;0.334693529;0.569012885;42772.3113;45767.6097;45767.6097;48930.6292
AIM/CGE 2.0;SFCM_SSP2_LifeStyle_1p5Degree;Lower 2C;Low 2C;-5.517112657;-4.834021455;-5.676987844;38104.4819;18704.0824;18704.0824;6943.3772
AIM/CGE 2.0;SFCM_SSP2_LifeStyle_2Degree;Higher 2C;High 2C;-2.34061091;-2.381817034;-2.578332095;38104.4819;30323.6703;30323.6703;18723.8933
AIM/CGE 2.0;SFCM_SSP2_LifeStyle_Baseline;Above 2C;Other;0.704753878;0.586678087;0.833044408;43578.7272;47859.086;47859.086;53798.9393
AIM/CGE 2.0;SFCM_SSP2_Ref_1p5Degree;Lower 2C;Low 2C;-5.374686735;-4.613834067;-5.602601269;39050.7392;19148.7891;19148.7891;7444.7337
AIM/CGE 2.0;SFCM_SSP2_Ref_2Degree;Above 2C;Other;-2.340097434;-2.363541323;-2.608906422;39050.7392;30965.456;30965.456;19191.895
AIM/CGE 2.0;SFCM_SSP2_Ref_Baseline;Above 2C;Other;0.872105848;0.73247835;1.019180997;45715.5192;51263.2217;51263.2217;59319.3358
AIM/CGE 2.0;SFCM_SSP2_ST_CCS_1p5Degree;Lower 2C;Low 2C;-5.211461325;-4.3714043;-5.473573607;39050.7392;19166.7524;19166.7524;7839.784
AIM/CGE 2.0;SFCM_SSP2_ST_CCS_2Degree;Above 2C;Other;-2.272187265;-2.251190416;-2.567611937;39050.7392;30899.0468;30899.0468;19596.3246
AIM/CGE 2.0;SFCM_SSP2_ST_CCS_Baseline;Above 2C;Other;0.872105848;0.73247835;1.019180997;45715.5192;51263.2217;51263.2217;59319.3358
AIM/CGE 2.0;SFCM_SSP2_ST_bio_1p5Degree;Lower 2C;Low 2C;-5.157261765;-4.306690048;-5.401120374;39042.5533;19232.2104;19232.2104;7973.7155
AIM/CGE 2.0;SFCM_SSP2_ST_bio_2Degree;Above 2C;Other;-2.237367114;-2.216787769;-2.498416632;39042.5533;31005.5107;31005.5107;19802.7219
AIM/CGE 2.0;SFCM_SSP2_ST_bio_Baseline;Above 2C;Other;0.880509651;0.744359353;1.023243151;45697.2032;51249.8809;51249.8809;59443.9486
AIM/CGE 2.0;SFCM_SSP2_ST_nuclear_1p5Degree;Lower 2C;Low 2C;-5.420346082;-4.678092473;-5.618393591;39077.7224;19142.8399;19142.8399;7342.7858
AIM/CGE 2.0;SFCM_SSP2_ST_nuclear_2Degree;Higher 2C;High 2C;-2.355184852;-2.385828409;-2.59903164;39077.7224;30984.7083;30984.7083;19116.3455
AIM/CGE 2.0;SFCM_SSP2_ST_nuclear_Baseline;Above 2C;Other;0.877101771;0.724278996;1.037917291;45877.0715;51604.8157;51604.8157;59617.4749
AIM/CGE 2.0;SFCM_SSP2_ST_solar_1p5Degree;Lower 2C;Low 2C;-5.50430114;-4.798898211;-5.68481924;39047.563;19103.6204;19103.6204;7144.2258
AIM/CGE 2.0;SFCM_SSP2_ST_solar_2Degree;Higher 2C;High 2C;-2.352779161;-2.380374373;-2.603375743;39047.563;30949.0837;30949.0837;19115.7152
AIM/CGE 2.0;SFCM_SSP2_ST_solar_Baseline;Above 2C;Other;0.86056122;0.717383684;1.011899728;45707.9954;51232.4203;51232.4203;59106.2745
AIM/CGE 2.0;SFCM_SSP2_ST_wind_1p5Degree;Lower 2C;Low 2C;-5.566118783;-4.881155016;-5.734013244;39041.0883;19055.7365;19055.7365;7004.1768
AIM/CGE 2.0;SFCM_SSP2_ST_wind_2Degree;Higher 2C;High 2C;-2.383104859;-2.422777663;-2.630937923;39041.0883;30924.4935;30924.4935;18935.2751
AIM/CGE 2.0;SFCM_SSP2_ST_wind_Baseline;Above 2C;Other;0.855536692;0.712776531;1.004585974;45692.0477;51184.8674;51184.8674;58997.4125
AIM/CGE 2.0;SFCM_SSP2_SupTech_1p5Degree;Lower 2C;Low 2C;-5.27389193;-4.449653066;-5.47075055;39056.6238;19104.6972;19104.6972;7687.507
AIM/CGE 2.0;SFCM_SSP2_SupTech_2Degree;Above 2C;Other;-2.27299825;-2.247072966;-2.539571971;39056.6238;30869.9934;30869.9934;19594.3989
AIM/CGE 2.0;SFCM_SSP2_SupTech_Baseline;Above 2C;Other;0.857033622;0.700883791;1.020001315;45827.1537;51480.5244;51480.5244;59198.214
AIM/CGE 2.0;SFCM_SSP2_combined_1p5Degree;Lower 2C;Low 2C;-5.555931634;-4.897119742;-5.595933275;36801.8818;18081.6156;18081.6156;6623.8522
AIM/CGE 2.0;SFCM_SSP2_combined_2Degree;Higher 2C;High 2C;-2.325624172;-2.344943092;-2.554051791;36801.8818;29200.791;29200.791;18167.2572
AIM/CGE 2.0;SFCM_SSP2_combined_Baseline;Above 2C;Other;0.248206234;0.134704645;0.370890584;40799.3374;42781.7947;42781.7947;43949.2454
AIM/CGE 2.0;SSP1-19;1.5C low overshoot;1.5C;-9.61401027;-11.14225073;-7.269782791;37233.8898;19057.4933;19057.4933;1794.6177
AIM/CGE 2.0;SSP1-26;Lower 2C;Low 2C;-3.278224591;-3.81690567;-3.192523333;37181.3385;29790.5086;29790.5086;13678.9516
AIM/CGE 2.0;SSP1-34;Above 2C;Other;-1.125507074;-1.414187466;-0.861220011;37181.3385;35201.7856;35201.7856;26476.0442
AIM/CGE 2.0;SSP1-45;Above 2C;Other;-0.144996641;-0.593495084;0.248163327;36588.6317;39458.9021;39458.9021;35030.0766
AIM/CGE 2.0;SSP1-Baseline;Above 2C;Other;0.089261724;-0.204457025;0.367945059;39130.3344;41871.1824;41871.1824;40191.8627
AIM/CGE 2.0;SSP2-19;1.5C low overshoot;1.5C;-14.46469858;-17.80220756;-7.974424868;43338.0757;20138.5523;20138.5523;399.2375
AIM/CGE 2.0;SSP2-26;Lower 2C;Low 2C;-4.581244205;-5.141235846;-4.087068177;43231.2477;30427.131;30427.131;10587.9102
AIM/CGE 2.0;SSP2-34;Above 2C;Other;-1.982732099;-2.424694036;-1.610635663;43231.2477;38732.6422;38732.6422;23706.9432
AIM/CGE 2.0;SSP2-45;Above 2C;Other;-0.205135186;-0.543129763;0.341814837;43231.2477;45326.045;45326.045;40648.4131
AIM/CGE 2.0;SSP2-60;Above 2C;Other;0.387901348;0.201607142;0.649749981;43231.2477;46638.5759;46638.5759;48555.5666
AIM/CGE 2.0;SSP2-Baseline;Above 2C;Other;0.893916689;0.729840514;1.072876103;45793.0093;51711.3298;51711.3298;59806.5338
AIM/CGE 2.0;SSP3-34;Above 2C;Other;-2.338636155;-3.655437419;-1.781663277;46637.7362;48292.1814;48292.1814;22930.8952
AIM/CGE 2.0;SSP3-45;Above 2C;Other;-0.808065036;-1.610545829;-0.402189908;46637.7362;50589.1408;50589.1408;36561.864
AIM/CGE 2.0;SSP3-60;Above 2C;Other;0.017848823;-0.400375711;0.151821431;46637.7362;50805.2677;50805.2677;46888.1122
AIM/CGE 2.0;SSP3-Baseline;Above 2C;Other;0.928567253;0.760653767;1.058957431;48502.7069;55000.8865;55000.8865;64001.363
AIM/CGE 2.0;SSP4-26;Lower 2C;Low 2C;-3.536782265;-4.074953345;-3.404203805;44818.0637;34967.5373;34967.5373;15216.1727
AIM/CGE 2.0;SSP4-34;Above 2C;Other;-1.41585827;-1.731450134;-1.126227082;44818.0637;41435.6293;41435.6293;29218.9688
AIM/CGE 2.0;SSP4-45;Above 2C;Other;-0.308565009;-0.61943473;0.131014037;44818.0637;46255.0611;46255.0611;40849.6662
AIM/CGE 2.0;SSP4-Baseline;Above 2C;Other;0.156653794;-0.255002677;0.569209659;45125.1778;49772.638;49772.638;47294.7702
AIM/CGE 2.0;SSP5-26;Lower 2C;Low 2C;-4.350827787;-4.57146966;-3.216729702;41808.1147;28062.8871;28062.8871;11007.712
AIM/CGE 2.0;SSP5-34;Above 2C;Other;-1.389061944;-1.527915621;-0.817594332;41808.1147;37389.5873;37389.5873;27479.7823
AIM/CGE 2.0;SSP5-45;Above 2C;Other;-0.439416091;-0.836729145;0.334769842;41808.1147;43337.7907;43337.7907;36633.9404
AIM/CGE 2.0;SSP5-60;Above 2C;Other;0.300828113;0.111768256;0.731746672;41808.1147;44739.7444;44739.7444;45750.5316
AIM/CGE 2.0;SSP5-Baseline;Above 2C;Other;1.711227779;1.542938214;1.936210801;44274.9866;54228.9038;54228.9038;73658.9193
AIM/CGE 2.1;CD-LINKS_INDCi;Above 2C;Other;0.020764129;0.457983235;-0.106388897;39274.5709;36068.4425;36068.4425;39519.9596
AIM/CGE 2.1;CD-LINKS_NPi;Above 2C;Other;0.667841817;0.587203254;0.786711617;39431.7795;42826.6846;42826.6846;48146.9873
AIM/CGE 2.1;CD-LINKS_NPi2020_1000;Lower 2C;Low 2C;-5.475775383;-5.765991823;-5.810156466;38682.1867;23423.4814;23423.4814;7141.7513
AIM/CGE 2.1;CD-LINKS_NPi2020_1600;Above 2C;Other;-2.98083484;-2.148001971;-3.464096351;39252.2177;24445.3488;24445.3488;15833.9838
AIM/CGE 2.1;CD-LINKS_NPi2020_400;1.5C low overshoot;1.5C;;;-8.328600268;38682.7636;21604.8704;21604.8704;-4957.6403
AIM/CGE 2.1;CD-LINKS_NoPolicy;Above 2C;Other;0.878528075;0.676181248;1.112844848;41940.6461;47649.9601;47649.9601;54525.1941
AIM/CGE 2.1;EMF33_Baseline;Above 2C;Other;0.832590031;0.625354295;1.062246725;45690.2015;51725.2154;51725.2154;58593.6777
AIM/CGE 2.1;EMF33_Med2C_cost100;Higher 2C;High 2C;-3.25441895;-2.26578742;-2.913377294;43736.3442;25635.644;25635.644;16209.7605
AIM/CGE 2.1;EMF33_Med2C_full;Higher 2C;High 2C;-3.084749725;-2.001569026;-2.714896805;43739.2684;25600.7516;25600.7516;17085.7939
AIM/CGE 2.1;EMF33_Med2C_nobeccs;Higher 2C;High 2C;-3.233695643;-2.227293741;-3.179744839;43739.2684;25600.2049;25600.2049;16315.3414
AIM/CGE 2.1;EMF33_Med2C_nofuel;Lower 2C;Low 2C;-3.171477636;-2.145417962;-3.503750422;43755.4777;25674.869;25674.869;16639.1663
AIM/CGE 2.1;EMF33_Med2C_none;Lower 2C;Low 2C;-3.279340192;-2.327768478;-3.61598978;43793.4837;25796.7388;25796.7388;16105.9746
AIM/CGE 2.1;EMF33_WB2C_cost100;1.5C high overshoot;1.5C;-5.494090185;-5.63990629;-5.22551161;43736.3442;25635.644;25635.644;8028.0765
AIM/CGE 2.1;EMF33_WB2C_full;Lower 2C;Low 2C;-4.941915656;-4.80491481;-4.717225904;43739.2684;25600.7516;25600.7516;9561.8792
AIM/CGE 2.1;EMF33_tax_hi_full;Above 2C;Other;-2.237059803;-2.049553609;-2.021445956;45387.1026;34836.2742;34836.2742;23022.9034
AIM/CGE 2.1;EMF33_tax_hi_none;Above 2C;Other;-1.900255079;-1.61127942;-1.803525775;45400.1338;35333.5451;35333.5451;25532.508
AIM/CGE 2.1;EMF33_tax_lo_full;Above 2C;Other;-0.63006321;-0.1964403;-0.821725828;45387.1026;39053.7044;39053.7044;37547.6591
AIM/CGE 2.1;EMF33_tax_lo_none;Above 2C;Other;-0.456867729;0.016267465;-0.672902114;45400.1338;39444.2174;39444.2174;39572.7474
AIM/CGE 2.1;TERL_15D_LowCarbonTransportPolicy;1.5C low overshoot;1.5C;-9.829911983;-11.40828803;-8.78397112;38995.4282;19725.4363;19725.4363;1749.3975
AIM/CGE 2.1;TERL_15D_NoTransportPolicy;1.5C low overshoot;1.5C;-9.031205103;-10.30023992;-8.548295082;40326.8225;20727.2468;20727.2468;2357.0416
AIM/CGE 2.1;TERL_2D_LowCarbonTransportPolicy;Lower 2C;Low 2C;-4.363401376;-3.968466564;-3.905625957;38995.4282;22985.8237;22985.8237;10226.7431
AIM/CGE 2.1;TERL_2D_NoTransportPolicy;Lower 2C;Low 2C;-4.217972655;-3.812847049;-3.776970556;40326.8225;24086.481;24086.481;11069.1624
AIM/CGE 2.1;TERL_Baseline_LowCarbonTransportPolicy;Above 2C;Other;0.534603716;0.294119923;0.812946952;39604.4268;43822.9296;43822.9296;46474.0845
AIM/CGE 2.1;TERL_Baseline_NoTransportPolicy;Above 2C;Other;0.662210395;0.38538475;0.96551817;41285.0278;46599.0114;46599.0114;50325.3102
C-ROADS-5.005;Ratchet-1.5-allCDR;1.5C high overshoot;1.5C;-7.284254889;-9.964655752;-4.226552987;39376.5;33233.9;33233.9;4072.32
C-ROADS-5.005;Ratchet-1.5-limCDR;1.5C high overshoot;1.5C;-11.72234239;-15.69621109;-5.680599697;39176;28288;28288;930.131
C-ROADS-5.005;Ratchet-1.5-limCDR-noOS;Below 1.5C;1.5C;;;;39059;13439;13439;-10558.9
C-ROADS-5.005;Ratchet-1.5-noCDR;1.5C low overshoot;1.5C;;;-11.74784872;39194.8;22216.6;22216.6;-3010.2
C-ROADS-5.005;Ratchet-1.5-noCDR-noOS;Below 1.5C;1.5C;;;;39144.6;11412.3;11412.3;-4328.97
C-ROADS-5.005;Reference;Above 2C;Other;1.537808417;1.393773403;1.676846964;43011;51545.1;51545.1;67985
GCAM 4.2;SSP1-19;1.5C low overshoot;1.5C;-7.831910794;-8.506148131;-6.153949082;37684.32868;19308.12351;19308.12351;3262.708705
GCAM 4.2;SSP1-26;Lower 2C;Low 2C;-2.283363484;-2.253401866;-2.029992226;35526.56077;28026.92351;28026.92351;17766.7692
GCAM 4.2;SSP1-34;Above 2C;Other;-0.552948154;-0.702895028;-0.287716914;35526.56048;34640.07409;34640.07409;30082.26598
GCAM 4.2;SSP1-45;Above 2C;Other;0.157850641;-0.081934608;0.499540098;35526.56048;37863.67064;37863.67064;37248.00758
GCAM 4.2;SSP1-Baseline;Above 2C;Other;0.889064757;0.705615758;1.180869635;36838.78221;41740.18445;41740.18445;48042.78214
GCAM 4.2;SSP2-19;1.5C high overshoot;1.5C;;;-7.071163401;41337.61975;36001.98326;36001.98326;-7452.18824
GCAM 4.2;SSP2-26;Higher 2C;High 2C;-7.369508392;-11.51310127;-2.375995454;39892.5593;46337.38079;46337.38079;4013.386335
GCAM 4.2;SSP2-34;Above 2C;Other;-1.490900959;-2.957373619;-0.007666954;39892.55855;46337.37907;46337.37907;25420.39547
GCAM 4.2;SSP2-45;Above 2C;Other;-0.701093756;-1.78796301;0.351236483;39892.55843;46337.3786;46337.3786;32301.73394
GCAM 4.2;SSP2-60;Above 2C;Other;0.885630596;0.57545151;1.196433655;39892.55839;46337.37841;46337.37841;51972.22114
GCAM 4.2;SSP2-Baseline;Above 2C;Other;1.345520287;1.123759456;1.591430901;41468.53817;49521.21437;49521.21437;61923.48987
GCAM 4.2;SSP3-Baseline;Above 2C;Other;1.253169666;0.953196705;1.509763904;44618.26755;53625.33463;53625.33463;64829.32888
GCAM 4.2;SSP4-26;Higher 2C;High 2C;-3.969485609;-3.418351925;-4.388053718;40048.78536;23821.81049;23821.81049;11881.38324
GCAM 4.2;SSP4-34;Above 2C;Other;-2.29780111;-2.776896002;-1.756140517;40048.79673;35021.11467;35021.11467;19939.74567
GCAM 4.2;SSP4-45;Above 2C;Other;-1.066311277;-1.521181892;-0.453854227;40048.79581;39451.08624;39451.08624;29034.57819
GCAM 4.2;SSP4-60;Above 2C;Other;0.678414958;0.308837173;1.013184889;40048.79565;46120.77852;46120.77852;49054.69135
GCAM 4.2;SSP4-Baseline;Above 2C;Other;0.972617932;0.632503431;1.294200578;41636.02669;49069.56816;49069.56816;55664.4306
GCAM 4.2;SSP5-19;1.5C high overshoot;1.5C;;;-10.17549769;41975.99079;35675.42736;35675.42736;-8996.20726
GCAM 4.2;SSP5-26;Higher 2C;High 2C;-16.34915893;-24.47365778;-2.521952176;39478.48029;51109.39526;51109.39526;186.410248
GCAM 4.2;SSP5-34;Above 2C;Other;-2.642722126;-5.17002886;-0.07226402;39478.47898;51109.39233;51109.39233;17677.18411
GCAM 4.2;SSP5-45;Above 2C;Other;-0.623512597;-2.204595386;1.026711827;39478.47844;51109.39115;51109.39115;32724.24719
GCAM 4.2;SSP5-60;Above 2C;Other;1.335753331;0.701754121;2.040140254;39478.47756;51109.38985;51109.38985;58781.60066
GCAM 4.2;SSP5-Baseline;Above 2C;Other;2.372175636;2.081105944;2.78185262;41203.4753;55142.25351;55142.25351;83251.45669
GENeSYS-MOD 1.0;1;no-climate-assessment;Other;-100;-100;-5.69849937;31449;16818;16818;0
IEA Energy Technology Perspective Model 2017;B2DS;no-climate-assessment;Other;-6.195268273;-7.402140568;-4.719311461;32302.87567;22078.24826;22078.24826;4742.240315
IEA World Energy Model 2017;Faster Transition Scenario;Higher 2C;High 2C;-4.177467052;-4.542417576;-4.255058793;35128.48356;24744.58534;24744.58534;9765.37226
IMAGE 3.0.1;ADVANCE_2020_1.5C-2100;1.5C high overshoot;1.5C;;;-7.484502021;38439.82943;25273.2985;25273.2985;-1286.622009
IMAGE 3.0.1;ADVANCE_2020_Med2C;Higher 2C;High 2C;-2.862490008;-3.558479154;-2.119267707;39453.66276;34073.38802;34073.38802;16508.07097
IMAGE 3.0.1;ADVANCE_2020_WB2C;Lower 2C;Low 2C;-5.327913621;-6.336100055;-4.281664097;38538.57162;27612.72852;27612.72852;7456.826864
IMAGE 3.0.1;ADVANCE_2030_Med2C;Higher 2C;High 2C;-1.998900541;-2.967579914;-1.052631137;39568.76172;39440.61101;39440.61101;21591.40479
IMAGE 3.0.1;ADVANCE_2030_WB2C;Lower 2C;Low 2C;-5.26379475;-7.53400059;-3.991492208;39061.62305;36947.78972;36947.78972;7713.115316
IMAGE 3.0.1;ADVANCE_INDC;Above 2C;Other;-0.587752683;-0.942049438;-0.270272545;39568.76172;40064.75;40064.75;33155.01335
IMAGE 3.0.1;ADVANCE_NoPolicy;Above 2C;Other;0.818018051;0.635047308;0.93836949;42916.02377;48281.30957;48281.30957;54797.92872
IMAGE 3.0.1;ADVANCE_Reference;Above 2C;Other;0.363199414;0.240335223;0.427102424;39647.77767;42131.17448;42131.17448;44203.20638
IMAGE 3.0.1;CD-LINKS_INDCi;Above 2C;Other;0.353293765;0.424526872;0.384180552;39308.53581;40145.7819;40145.7819;43695.40886
IMAGE 3.0.1;CD-LINKS_NPi;Above 2C;Other;0.708050596;0.585264571;0.848945484;39922.77767;43899.46029;43899.46029;49334.01172
IMAGE 3.0.1;CD-LINKS_NPi2020_1000;Lower 2C;Low 2C;-4.303159813;-5.114474766;-3.746082031;39396.42839;30087.45638;30087.45638;10528.94344
IMAGE 3.0.1;CD-LINKS_NPi2020_1600;Higher 2C;High 2C;-2.907914724;-3.536603484;-2.42513207;39694.56348;33650.76172;33650.76172;16377.43522
IMAGE 3.0.1;CD-LINKS_NPi2020_400;1.5C high overshoot;1.5C;-17.31609156;-23.12202652;-7.618495256;38346.40463;24564.95866;24564.95866;127.7481359
IMAGE 3.0.1;CD-LINKS_NoPolicy;Above 2C;Other;0.896173778;0.688239067;1.059152834;41679.91667;47488.98015;47488.98015;54471.30176
IMAGE 3.0.1;IMA15-AGInt;1.5C low overshoot;1.5C;;;-6.132818442;35626.50424;22603.42627;22603.42627;-1112.730611
IMAGE 3.0.1;IMA15-Def;1.5C low overshoot;1.5C;;;-9.737317434;35469.18848;22059.96468;22059.96468;-1988.105876
IMAGE 3.0.1;IMA15-Eff;1.5C low overshoot;1.5C;;;-10.669495;34553.03028;21505.51742;21505.51742;-719.071457
IMAGE 3.0.1;IMA15-LiStCh;1.5C low overshoot;1.5C;;;-7.106281922;34110.36621;20992.19841;20992.19841;-1278.558991
IMAGE 3.0.1;IMA15-LoNCO2;1.5C high overshoot;1.5C;-11.51456955;-15.13111735;-5.083390321;35428.47559;24017.9432;24017.9432;902.6211447
IMAGE 3.0.1;IMA15-Pop;1.5C low overshoot;1.5C;;;-6.400625947;35234.79395;23523.95117;23523.95117;-519.2066244
IMAGE 3.0.1;IMA15-RenElec;1.5C high overshoot;1.5C;;;-7.834100476;34632.69434;21517.5612;21517.5612;-464.8742905
IMAGE 3.0.1;IMA15-TOT;1.5C low overshoot;1.5C;;;-9.247171412;34189.11361;18303.79769;18303.79769;-2269.945069
IMAGE 3.0.1;SSP1-19;1.5C low overshoot;1.5C;-11.11647259;-13.58888033;-7.89279435;33208.79948;17967.96826;17967.96826;968.036255
IMAGE 3.0.1;SSP1-26;Lower 2C;Low 2C;-2.541699823;-3.19244635;-1.947611531;38389.78158;33930.92513;33930.92513;17732.93457
IMAGE 3.0.1;SSP1-34;Above 2C;Other;-0.61443781;-0.884184242;-0.284521055;39638.79362;39351.40072;39351.40072;32947.2666
IMAGE 3.0.1;SSP1-45;Above 2C;Other;0.013425334;-0.115662822;0.201620366;39860.11491;40958.09538;40958.09538;40020.96843
IMAGE 3.0.1;SSP1-Baseline;Above 2C;Other;0.192972357;-0.023317839;0.44367973;40069.00391;42653.23405;42653.23405;42454.75782
IMAGE 3.0.1;SSP2-26;Lower 2C;Low 2C;-4.240998459;-4.750186082;-3.743497105;39787.11101;28697.75749;28697.75749;10842.53117
IMAGE 3.0.1;SSP2-34;Above 2C;Other;-1.533298153;-2.03066234;-0.947193991;41210.94857;39074.27377;39074.27377;25923.54281
IMAGE 3.0.1;SSP2-45;Above 2C;Other;-0.037922405;-0.518757945;0.316262525;42644.80144;46784.32129;46784.32129;42162.30176
IMAGE 3.0.1;SSP2-60;Above 2C;Other;0.746035851;0.467856129;0.931195966;43063.09506;49023.18653;49023.18653;53820.06739
IMAGE 3.0.1;SSP2-Baseline;Above 2C;Other;0.846688962;0.620600175;0.98687616;43478.01205;49474.44434;49474.44434;55991.09929
IMAGE 3.0.1;SSP3-34;Above 2C;Other;-2.739975166;-3.759228132;-2.071331502;44714.78158;41811.95248;41811.95248;19430.42936
IMAGE 3.0.1;SSP3-45;Above 2C;Other;-0.585716467;-1.204974759;-0.22414643;45702.80144;48832.04362;48832.04362;38318.31739
IMAGE 3.0.1;SSP3-60;Above 2C;Other;0.626811003;0.271346615;0.77679753;46503.23405;53132.16277;53132.16277;56091.16277
IMAGE 3.0.1;SSP3-Baseline;Above 2C;Other;0.905043263;0.652689458;0.948551721;46649.57129;53669.32943;53669.32943;61127.10743
IMAGE 3.0.1;SSP4-26;Lower 2C;Low 2C;-5.914251989;-7.244208036;-4.014193574;37470.87696;27076.2404;27076.2404;6017.40328
IMAGE 3.0.1;SSP4-34;Above 2C;Other;-1.661908272;-2.270469135;-0.843665239;41076.7142;39330.79362;39330.79362;24845.57145
IMAGE 3.0.1;SSP4-45;Above 2C;Other;0.028208051;-0.446063701;0.741845473;42086.14681;46413.58334;46413.58334;42443.75782
IMAGE 3.0.1;SSP4-60;Above 2C;Other;0.521796701;0.262576285;0.838858616;42105.139;46705.19434;46705.19434;49220.08724
IMAGE 3.0.1;SSP4-Baseline;Above 2C;Other;0.572014342;0.213187512;0.90273377;42463.96029;48287.80144;48287.80144;50388.90886
IMAGE 3.0.1;SSP5-34;Above 2C;Other;-1.318738599;-2.100486522;-0.471077435;44037.40072;45211.79753;45211.79753;29570.75716
IMAGE 3.0.1;SSP5-45;Above 2C;Other;0.151178785;-0.506415137;0.833125454;45123.50391;52261.65886;52261.65886;47215.51986
IMAGE 3.0.1;SSP5-60;Above 2C;Other;1.393013159;0.919525229;1.847805803;45951.28972;57947.48796;57947.48796;69588.67839
IMAGE 3.0.1;SSP5-Baseline;Above 2C;Other;2.078641543;1.817797653;2.245766836;46630.57553;60289.7181;60289.7181;86440.4922
IMAGE 3.0.2;EMF33_Baseline;Above 2C;Other;0.846114227;0.566983329;1.049226223;43184.13086;49658.17872;49658.17872;55603.13086
IMAGE 3.0.2;EMF33_Med2C_cost100;Above 2C;Other;-2.00956089;-2.855959426;-1.411086784;39566.15495;38415.96029;38415.96029;21519.63802
IMAGE 3.0.2;EMF33_Med2C_full;Above 2C;Other;-2.125106658;-3.119870083;-1.372694125;39580.53158;39167.55176;39167.55176;20778.81022
IMAGE 3.0.2;EMF33_Med2C_limbio;Above 2C;Other;-2.163826445;-2.864075388;-1.935393213;39820.80567;36939.94434;36939.94434;20658.26319
IMAGE 3.0.2;EMF33_Med2C_nobeccs;Above 2C;Other;-2.275863478;-3.045329098;-1.746653801;39512.51205;36763.3571;36763.3571;19805.6862
IMAGE 3.0.2;EMF33_Med2C_nofuel;Above 2C;Other;-2.261108717;-3.217686881;-1.43854262;39980.08724;38720.95248;38720.95248;20131.02946
IMAGE 3.0.2;EMF33_Med2C_none;Above 2C;Other;-2.527038517;-3.363504571;-1.824078287;39917.93653;36717.19434;36717.19434;18522.21501
IMAGE 3.0.2;EMF33_WB2C_cost100;Higher 2C;High 2C;-3.86753956;-5.18541752;-2.807079087;39447.21029;35044.13086;35044.13086;12081.42139
IMAGE 3.0.2;EMF33_WB2C_full;Higher 2C;High 2C;-3.923003656;-5.249619681;-2.891904328;39440.42839;34906.38737;34906.38737;11872.00692
IMAGE 3.0.2;EMF33_WB2C_limbio;Higher 2C;High 2C;-3.831231116;-4.839315676;-3.86931718;39712.67839;33174.14519;33174.14519;12301.29606
IMAGE 3.0.2;EMF33_WB2C_nobeccs;Higher 2C;High 2C;-3.847826891;-4.920058789;-2.929953551;39403.2461;33306.34929;33306.34929;12142.41642
IMAGE 3.0.2;EMF33_WB2C_nofuel;Higher 2C;High 2C;-4.196309478;-5.57091191;-3.001117917;39842.80567;34649.83529;34649.83529;11010.75472
IMAGE 3.0.2;EMF33_tax_hi_full;Higher 2C;High 2C;-2.858945519;-3.81880236;-1.689013941;42616.75;38892.07552;38892.07552;17851.08968
IMAGE 3.0.2;EMF33_tax_hi_none;Above 2C;Other;-2.096351696;-2.644878259;-1.298834013;43066.21029;38987.63086;38987.63086;22808.82585
IMAGE 3.0.2;EMF33_tax_lo_full;Above 2C;Other;-1.018711278;-1.459309781;-0.544795374;42850.05957;42289.5;42289.5;31516.97657
IMAGE 3.0.2;EMF33_tax_lo_none;Above 2C;Other;-0.958934368;-1.327500557;-0.523154422;43298.09115;42364.81348;42364.81348;32428.5765
MERGE-ETL 6.0;BAU;Above 2C;Other;2.027466914;1.483604842;2.571819165;48074.7;65390.1;65390.1;87786.9
MERGE-ETL 6.0;DAC15_50;1.5C low overshoot;1.5C;-5.075631898;-5.762802954;-3.610266235;39452;27099;27099;8268
MERGE-ETL 6.0;DAC2_66;Higher 2C;High 2C;-2.367706095;-3.420159032;-1.117148274;43733.2;42745.1;42745.1;21311.6
MESSAGE V.3;GEA_Eff_1p5C;Lower 2C;Low 2C;-6.778060783;-7.89896192;-5.151936562;26883.813;16972.44267;16972.44267;3273.669667
MESSAGE V.3;GEA_Eff_1p5C_Delay2020;Lower 2C;Low 2C;-15.30643304;-20.2175914;-5.428598058;38766.91867;24312.585;24312.585;265.4446667
MESSAGE V.3;GEA_Eff_2C_Delay2020;Higher 2C;High 2C;-3.997048381;-5.248452068;-2.214089406;38768.939;33519.321;33519.321;11403.062
MESSAGE V.3;GEA_Eff_AdvNCO2_1p5C;Lower 2C;Low 2C;-5.279150258;-6.400876523;-3.897660468;30884.32233;22786.10033;22786.10033;6068.839333
MESSAGE V.3;GEA_Eff_base;Above 2C;Other;0.524514596;0.612620448;0.512203396;38743.53633;40115.25833;40115.25833;45327.19033
MESSAGE V.3;GEA_Mix_1p5C_AdvNCO2_PartialDelay2020;Lower 2C;Low 2C;-12.21078306;-16.28905836;-5.022746218;34425.798;24236.76933;24236.76933;692.021
MESSAGE V.3;GEA_Mix_1p5C_AdvTrans_PartialDelay2020;Lower 2C;Low 2C;-10.11003562;-13.35487789;-4.598283054;35152.69267;25258.78667;25258.78667;1436.464333
MESSAGE V.3;GEA_Mix_2C_AdvNCO2_PartialDelay2020;Higher 2C;High 2C;-3.976559304;-5.524689252;-1.891154088;35157.81867;32431.96367;32431.96367;10407.342
MESSAGE V.3;GEA_Mix_2C_AdvTrans_PartialDelay2020;Higher 2C;High 2C;-3.703201696;-5.26794915;-1.579323728;35154.56267;33450.17133;33450.17133;11332.79767
MESSAGE V.3;GEA_Mix_base;Above 2C;Other;1.251475963;1.214891263;1.312746346;43728.77667;49879.25433;49879.25433;63505.04233
MESSAGE-GLOBIOM 1.0;ADVANCE_2020_1.5C-2100;1.5C low overshoot;1.5C;-8.560455805;-9.084466415;-7.018255159;40495.54723;18563.80548;18563.80548;2763.305161
MESSAGE-GLOBIOM 1.0;ADVANCE_2020_Med2C;Higher 2C;High 2C;-1.767202476;-2.057769482;-1.251431668;40499.49916;35953.83445;35953.83445;23721.65695
MESSAGE-GLOBIOM 1.0;ADVANCE_2020_WB2C;Lower 2C;Low 2C;-3.771034105;-4.130449423;-3.059508354;40497.53707;29715.93127;29715.93127;12782.12836
MESSAGE-GLOBIOM 1.0;ADVANCE_2030_Med2C;Higher 2C;High 2C;-1.785594025;-2.725302222;-1.226727414;40500.10381;40993.42084;40993.42084;23589.13221
MESSAGE-GLOBIOM 1.0;ADVANCE_2030_Price1.5C;1.5C high overshoot;1.5C;-5.993064557;-8.90830563;-4.380473794;40499.3358;40989.17252;40989.17252;6342.270453
MESSAGE-GLOBIOM 1.0;ADVANCE_2030_WB2C;Lower 2C;Low 2C;-4.341139982;-6.497007954;-3.18323344;40497.52789;40989.66583;40989.66583;10695.09246
MESSAGE-GLOBIOM 1.0;ADVANCE_INDC;Above 2C;Other;-0.702190097;-1.111551681;-0.427125124;40502.09748;40997.40461;40997.40461;32784.42799
MESSAGE-GLOBIOM 1.0;ADVANCE_NoPolicy;Above 2C;Other;0.884540862;0.889962148;0.883681177;44233.30333;48253.50291;48253.50291;57608.69374
MESSAGE-GLOBIOM 1.0;ADVANCE_Reference;Above 2C;Other;0.512793758;0.355448468;0.722746419;40502.27567;43984.5989;43984.5989;47219.32309
MESSAGE-GLOBIOM 1.0;EMF33_1.5C_cost100;1.5C low overshoot;1.5C;;;-8.915225811;41037.40834;15744.37946;15744.37946;-523.1359454
MESSAGE-GLOBIOM 1.0;EMF33_1.5C_full;1.5C low overshoot;1.5C;;;-8.884466624;41037.40834;15792.07037;15792.07037;-491.8238606
MESSAGE-GLOBIOM 1.0;EMF33_Baseline;Above 2C;Other;0.938269088;0.962550193;0.860786362;42402.25662;46329.5761;46329.5761;56113.1388
MESSAGE-GLOBIOM 1.0;EMF33_Med2C_cost100;Higher 2C;High 2C;-2.339998861;-2.498157274;-1.750805778;41037.40834;33452.23989;33452.23989;20168.87508
MESSAGE-GLOBIOM 1.0;EMF33_Med2C_full;Higher 2C;High 2C;-2.429722993;-2.699079477;-1.681218415;41037.40834;33913.06839;33913.06839;19620.31904
MESSAGE-GLOBIOM 1.0;EMF33_Med2C_limbio;Higher 2C;High 2C;-3.150796795;-3.444985761;-2.288624212;41037.40834;31663.9319;31663.9319;15705.85152
MESSAGE-GLOBIOM 1.0;EMF33_Med2C_nobeccs;Lower 2C;Low 2C;-3.527627603;-3.561986462;-3.344099653;41037.40834;28860.48083;28860.48083;13972.32515
MESSAGE-GLOBIOM 1.0;EMF33_Med2C_nofuel;Higher 2C;High 2C;-2.632208463;-2.873663213;-1.847895159;41037.40834;33029.29695;33029.29695;18434.84599
MESSAGE-GLOBIOM 1.0;EMF33_Med2C_none;Lower 2C;Low 2C;-3.725434521;-3.597133141;-3.900786231;41037.40834;27335.55874;27335.55874;13137.92992
MESSAGE-GLOBIOM 1.0;EMF33_WB2C_cost100;1.5C high overshoot;1.5C;-4.739737105;-5.031595772;-4.153471621;41037.40834;26850.37693;26850.37693;9561.657814
MESSAGE-GLOBIOM 1.0;EMF33_WB2C_full;1.5C high overshoot;1.5C;-4.87731531;-5.276307856;-4.171517373;41037.40834;27072.63604;27072.63604;9155.939154
MESSAGE-GLOBIOM 1.0;EMF33_WB2C_limbio;1.5C high overshoot;1.5C;-6.424037332;-6.752118808;-5.707946979;41037.40834;22663.63601;22663.63601;5598.981531
MESSAGE-GLOBIOM 1.0;EMF33_WB2C_nofuel;1.5C high overshoot;1.5C;-5.00835333;-5.317396384;-4.399707273;41037.40834;26202.24935;26202.24935;8785.013058
MESSAGE-GLOBIOM 1.0;EMF33_tax_hi_full;Lower 2C;Low 2C;-3.773698877;-4.047629549;-2.854891385;42402.25662;30555.44192;30555.44192;13372.196
MESSAGE-GLOBIOM 1.0;EMF33_tax_hi_none;Higher 2C;High 2C;-2.998848067;-2.962264665;-2.614841446;42402.25662;31037.20995;31037.20995;17009.66351
MESSAGE-GLOBIOM 1.0;EMF33_tax_lo_full;Above 2C;Other;-1.432787644;-1.194340642;-1.265864855;42402.25662;34972.50826;34972.50826;27501.93143
MESSAGE-GLOBIOM 1.0;EMF33_tax_lo_none;Above 2C;Other;-1.22643594;-0.921432766;-1.187691089;42402.25662;35238.41448;35238.41448;29282.67267
MESSAGE-GLOBIOM 1.0;SSP1-19;1.5C low overshoot;1.5C;-7.536943109;-8.89746394;-4.574191738;38093.86268;23404.16216;23404.16216;3629.964971
MESSAGE-GLOBIOM 1.0;SSP1-26;Higher 2C;High 2C;-2.186406181;-2.489013122;-1.545875285;38420.43876;32769.34486;32769.34486;19794.23834
MESSAGE-GLOBIOM 1.0;SSP1-34;Above 2C;Other;-0.628679854;-0.762576202;-0.54869807;39862.00925;38448.67162;38448.67162;32990.65735
MESSAGE-GLOBIOM 1.0;SSP1-45;Above 2C;Other;0.057272108;-0.085683007;0.111302774;40543.78721;41959.43076;41959.43076;41246.21166
MESSAGE-GLOBIOM 1.0;SSP1-Baseline;Above 2C;Other;0.459333661;0.416136744;0.511675309;41208.70192;43513.85403;43513.85403;47282.20593
MESSAGE-GLOBIOM 1.0;SSP2-19;1.5C low overshoot;1.5C;-7.634368174;-8.758516968;-6.140633667;40931.32174;23633.12853;23633.12853;3778.922018
MESSAGE-GLOBIOM 1.0;SSP2-26;Higher 2C;High 2C;-2.994675542;-3.676338038;-2.153415525;40656.96919;34541.60238;34541.60238;16330.60141
MESSAGE-GLOBIOM 1.0;SSP2-34;Above 2C;Other;-0.814939786;-1.260697039;-0.433118182;41685.86099;42031.55666;42031.55666;32611.93856
MESSAGE-GLOBIOM 1.0;SSP2-45;Above 2C;Other;0.042870535;-0.17797737;0.254668846;42284.92873;44385.65447;44385.65447;42832.15614
MESSAGE-GLOBIOM 1.0;SSP2-60;Above 2C;Other;0.720852103;0.65757854;0.782610721;42392.22806;46125.21553;46125.21553;52585.73892
MESSAGE-GLOBIOM 1.0;SSP2-Baseline;Above 2C;Other;0.98152684;0.967585154;1.00374554;42262.42525;46727.55065;46727.55065;56651.62919
MESSAGE-GLOBIOM 1.0;SSP3-34;Above 2C;Other;-2.588013971;-3.771513066;-2.109227297;47880.07896;47038.52004;47038.52004;21803.52901
MESSAGE-GLOBIOM 1.0;SSP3-45;Above 2C;Other;-0.889320494;-1.725163229;-0.320812718;48252.89073;52274.55248;52274.55248;36909.39671
MESSAGE-GLOBIOM 1.0;SSP3-60;Above 2C;Other;0.666073246;0.175505333;1.028813443;49149.64772;57913.98036;57913.98036;59981.07603
MESSAGE-GLOBIOM 1.0;SSP3-Baseline;Above 2C;Other;1.314000833;1.054128617;1.541853899;52061.26786;62447.84873;62447.84873;77019.14845
MESSAGEix-GLOBIOM 1.0;CD-LINKS_INDCi;Above 2C;Other;0.764571813;1.016079267;0.599199067;39615.22255;40671.28065;40671.28065;49784.94281
MESSAGEix-GLOBIOM 1.0;CD-LINKS_NPi;Above 2C;Other;1.012576889;0.935309927;0.998813283;39615.22255;44490.08064;44490.08064;53595.16479
MESSAGEix-GLOBIOM 1.0;CD-LINKS_NPi2020_1000;Lower 2C;Low 2C;-3.707462458;-4.594555259;-2.524702144;39615.22255;32672.15942;32672.15942;12753.84243
MESSAGEix-GLOBIOM 1.0;CD-LINKS_NPi2020_1600;Higher 2C;High 2C;-1.498938178;-2.03383432;-0.868702073;39615.22255;37981.07524;37981.07524;25181.95619
MESSAGEix-GLOBIOM 1.0;CD-LINKS_NPi2020_400;1.5C high overshoot;1.5C;-8.52167666;-10.25309888;-5.781428578;39615.22255;23824.22308;23824.22308;2737.839477
MESSAGEix-GLOBIOM 1.0;CD-LINKS_NoPolicy;Above 2C;Other;0.921139522;0.906069245;0.867038292;42471.7362;46689.43383;46689.43383;55919.642
MESSAGEix-GLOBIOM 1.0;LowEnergyDemand;1.5C low overshoot;1.5C;-8.520146882;-8.513150888;-7.754917165;39563.51104;16213.81365;16213.81365;2735.637728
POLES ADVANCE;ADVANCE_2020_1.5C-2100;1.5C low overshoot;1.5C;;;-7.624286895;41831.62088;24388.624;24388.624;-283.0733125
POLES ADVANCE;ADVANCE_2020_Med2C;Lower 2C;Low 2C;-2.81167132;-3.521537141;-1.95040253;41831.40438;36418.18925;36418.18925;17779.7585
POLES ADVANCE;ADVANCE_2020_WB2C;1.5C high overshoot;1.5C;-4.934473538;-6.205163283;-3.61311117;41831.40438;33007.721;33007.721;9166.30225
POLES ADVANCE;ADVANCE_2030_1.5C-2100;1.5C high overshoot;1.5C;;;-8.585299399;41831.40438;39624.2535;39624.2535;-2187.464125
POLES ADVANCE;ADVANCE_2030_Med2C;Lower 2C;Low 2C;-3.317309106;-4.673789181;-2.155526301;41831.40438;39602.0545;39602.0545;15204.22625
POLES ADVANCE;ADVANCE_2030_Price1.5C;1.5C high overshoot;1.5C;-15.73671386;-22.43838842;-7.409094097;41831.40438;39602.0545;39602.0545;245.8409375
POLES ADVANCE;ADVANCE_2030_WB2C;1.5C high overshoot;1.5C;-5.145192554;-7.364327955;-3.715930958;41831.40438;39602.0545;39602.0545;8575.962
POLES ADVANCE;ADVANCE_INDC;Above 2C;Other;-1.160650247;-1.466466834;-0.804501287;41831.40438;39602.0545;39602.0545;29471.26875
POLES ADVANCE;ADVANCE_NoPolicy;Above 2C;Other;0.900728365;0.615124436;1.271205423;42395.88125;49078.05375;49078.05375;55482.07625
POLES ADVANCE;ADVANCE_Reference;Above 2C;Other;0.821989029;0.55862911;1.183367563;41922.30813;47941.9985;47941.9985;53592.3765
POLES CD-LINKS;CD-LINKS_INDCi;Above 2C;Other;0.310725696;0.417382417;0.207680368;38084.53516;38458.46094;38458.46094;41799.37891
POLES CD-LINKS;CD-LINKS_NPi;Above 2C;Other;1.102199566;0.930444183;1.329934479;38548.38281;44502.10938;44502.10938;53557.99219
POLES CD-LINKS;CD-LINKS_NPi2020_1000;Lower 2C;Low 2C;-3.974795315;-5.129815469;-2.974339645;38551.99609;32734.76367;32734.76367;11418.37012
POLES CD-LINKS;CD-LINKS_NPi2020_1600;Higher 2C;High 2C;-1.9377435;-2.500287528;-1.143063087;38551.99609;35566.13281;35566.13281;21434.00586
POLES CD-LINKS;CD-LINKS_NPi2020_400;1.5C high overshoot;1.5C;-7.385772442;-8.753103118;-5.596052838;38551.99609;24099.94531;24099.94531;3858.141357
POLES CD-LINKS;CD-LINKS_NoPolicy;Above 2C;Other;1.133449684;0.836431063;1.362498639;39914.55078;47383.4375;47383.4375;55972.65234
POLES EMF33;EMF33_1.5C_cost100;Below 1.5C;1.5C;-13.40418867;-13.95519855;-9.538936029;38511.03125;10375.25977;10375.25977;513.4423828
POLES EMF33;EMF33_1.5C_full;Below 1.5C;1.5C;-10.54090102;-10.13289024;-8.58485418;38513.40625;11543.35449;11543.35449;1362.534546
POLES EMF33;EMF33_1.5C_limbio;Below 1.5C;1.5C;-11.3151721;-7.086495999;-11.10779501;38434.63281;4556.441406;4556.441406;1047.617065
POLES EMF33;EMF33_1.5C_nofuel;Below 1.5C;1.5C;;;-10.70460003;38497.25781;8969.625;8969.625;-111.4850388
POLES EMF33;EMF33_Baseline;Above 2C;Other;0.744592645;0.640869158;0.896711942;38512.96094;42342.03125;42342.03125;48112.64844
POLES EMF33;EMF33_Med2C_cost100;Lower 2C;Low 2C;-2.679728476;-2.574011869;-2.313188567;38510.70703;28720.00195;28720.00195;17048.29102
POLES EMF33;EMF33_Med2C_full;Lower 2C;Low 2C;-2.682806528;-2.63258302;-2.414977994;38512.96094;29041.64453;29041.64453;17033.11914
POLES EMF33;EMF33_Med2C_limbio;Lower 2C;Low 2C;-2.7986306;-2.165232122;-2.974051899;38513.19141;25463.41406;25463.41406;16435.42773
POLES EMF33;EMF33_Med2C_nobeccs;Lower 2C;Low 2C;-3.801233831;-3.516665031;-3.971500083;38513.08594;24640.37109;24640.37109;12041.85449
POLES EMF33;EMF33_Med2C_nofuel;Lower 2C;Low 2C;-2.676865075;-2.625516932;-2.424048466;38497.04688;29040.68164;29040.68164;17057.29297
POLES EMF33;EMF33_Med2C_none;Lower 2C;Low 2C;-3.932247381;-3.631418944;-4.13872837;38496.94141;24212.84766;24212.84766;11554.60645
POLES EMF33;EMF33_WB2C_cost100;1.5C low overshoot;1.5C;-4.905389089;-4.802349685;-4.413955527;38510.71094;22789.46484;22789.46484;8516.452148
POLES EMF33;EMF33_WB2C_full;1.5C low overshoot;1.5C;-4.855203274;-4.820950853;-4.285409491;38513.08594;23245.15039;23245.15039;8652.858398
POLES EMF33;EMF33_WB2C_limbio;1.5C low overshoot;1.5C;-5.271967903;-4.706547991;-5.789668952;38513.08594;19893.10547;19893.10547;7585.143066
POLES EMF33;EMF33_WB2C_nobeccs;1.5C low overshoot;1.5C;-6.848155999;-5.918745792;-8.127990871;38513.08594;15534.24121;15534.24121;4585.133789
POLES EMF33;EMF33_WB2C_nofuel;1.5C low overshoot;1.5C;-5.021031805;-4.918616617;-4.594080544;38496.94141;22508.15039;22508.15039;8208.232422
POLES EMF33;EMF33_WB2C_none;1.5C low overshoot;1.5C;-7.075671041;-6.262909838;-8.603307817;38496.94141;15526.72559;15526.72559;4259.015625
POLES EMF33;EMF33_tax_hi_full;Higher 2C;High 2C;-1.334568807;-1.140903862;-1.181207958;38599.37891;32448.76367;32448.76367;25794.72266
POLES EMF33;EMF33_tax_hi_none;Higher 2C;High 2C;-1.162150719;-0.862209147;-1.198299272;38583.28125;32308.21875;32308.21875;27170.50781
POLES EMF33;EMF33_tax_lo_full;Above 2C;Other;-0.289810579;-0.063277035;-0.33076589;38599.37891;35831.45703;35831.45703;35380.71094
POLES EMF33;EMF33_tax_lo_none;Above 2C;Other;-0.287025964;-0.031476282;-0.35531794;38583.28125;35619.16016;35619.16016;35395.59766
REMIND 1.5;EMC_Def_100$;1.5C low overshoot;1.5C;;;-8.422774287;35426.13672;22357.03906;22357.03906;-4592.647949
REMIND 1.5;EMC_Def_30$;Higher 2C;High 2C;-2.301337332;-2.755705126;-1.841264408;38340.3125;33345.06641;33345.06641;19068.39844
REMIND 1.5;EMC_LimSW_100$;1.5C low overshoot;1.5C;;;-7.393723655;35563.01172;22986.89063;22986.89063;-1362.323975
REMIND 1.5;EMC_LimSW_30$;Above 2C;Other;-1.926570742;-2.23630325;-1.650514451;38606.23828;33856.80859;33856.80859;21537.65039
REMIND 1.5;EMC_NucPO_100$;1.5C low overshoot;1.5C;;;-8.514577059;35468.60156;22347.99023;22347.99023;-4667.638184
REMIND 1.5;EMC_NucPO_30$;Higher 2C;High 2C;-2.071681024;-2.465821466;-1.682381568;38397.09375;33760.64453;33760.64453;20490.25391
REMIND 1.5;EMC_lowEI_100$;1.5C low overshoot;1.5C;;;-10.06555311;34451.27344;20404.9707;20404.9707;-6638.521973
REMIND 1.5;EMC_lowEI_30$;Higher 2C;High 2C;-2.90672569;-3.364688195;-2.511646221;37059.80469;30329.16797;30329.16797;15295.98828
REMIND 1.7;ADVANCE_2020_1.5C-2100;1.5C high overshoot;1.5C;;;-8.199368876;45171.8828;25056.33;25056.33;-1894.876
REMIND 1.7;ADVANCE_2020_Med2C;Higher 2C;High 2C;-3.006897402;-3.195644387;-2.695497063;45171.8828;34609.5359;34609.5359;18075.6425
REMIND 1.7;ADVANCE_2020_WB2C;Lower 2C;Low 2C;-5.181933193;-5.628773315;-4.664541919;45171.8828;29161.4478;29161.4478;9153.793
REMIND 1.7;ADVANCE_2030_1.5C-2100;1.5C high overshoot;1.5C;;;-5.866223432;45171.8828;40939.5626;40939.5626;-5801.7884
REMIND 1.7;ADVANCE_2030_Med2C;Above 2C;Other;-2.987448449;-3.976365381;-2.112371374;45171.8828;40939.5626;40939.5626;18184.6945
REMIND 1.7;ADVANCE_2030_Price1.5C;1.5C high overshoot;1.5C;-12.80277805;-18.17420674;-4.580928573;45171.8828;40939.56;40939.56;741.2209
REMIND 1.7;ADVANCE_2030_WB2C;Higher 2C;High 2C;-5.787035833;-8.102805816;-3.462150626;45171.8828;40939.5626;40939.5626;7554.1957
REMIND 1.7;ADVANCE_INDC;Above 2C;Other;-0.084646083;0.365533232;-0.359870489;45171.8828;40939.5626;40939.5626;44038.7643
REMIND 1.7;ADVANCE_NoPolicy;Above 2C;Other;1.084570084;1.071368693;1.105773738;47213.4861;52728.9571;52728.9571;65254.7484
REMIND 1.7;ADVANCE_Reference;Above 2C;Other;0.713621355;0.829000893;0.621007855;45171.8828;47402.9403;47402.9403;55913.2269
REMIND 1.7;CEMICS-1.5-CDR12;1.5C low overshoot;1.5C;;;-14.44517902;45912.1453;21833.63;21833.63;-4138.433
REMIND 1.7;CEMICS-1.5-CDR20;1.5C high overshoot;1.5C;-11.51419013;-14.47890996;-6.544262464;45912.1453;26709.88;26709.88;1169.867
REMIND 1.7;CEMICS-1.5-CDR8;1.5C low overshoot;1.5C;;;;45912.1453;16490.85;16490.85;-5162.446
REMIND 1.7;CEMICS-2.0-CDR12;Lower 2C;Low 2C;-5.035988993;-5.282681554;-4.55505715;45912.1453;28847.7;28847.7;9743.143
REMIND 1.7;CEMICS-2.0-CDR20;Higher 2C;High 2C;-3.664967848;-3.586225095;-3.592871034;45912.1453;31093.76;31093.76;14978.04
REMIND 1.7;CEMICS-2.0-CDR8;Lower 2C;Low 2C;-6.445141302;-7.014116699;-5.954764922;45912.1453;26642.66;26642.66;6221.828
REMIND 1.7;CEMICS-Ref;Above 2C;Other;0.865437552;0.849464246;0.88344954;48906.9524;53477.3647;53477.3647;63334.7274
REMIND-MAgPIE 1.5;SSP1-19;1.5C high overshoot;1.5C;-7.183464095;-9.268284095;-3.743892364;35200;26310;26310;3761
REMIND-MAgPIE 1.5;SSP1-26;Higher 2C;High 2C;-1.636020541;-2.005849901;-1.10932595;35061.6098;32056.1641;32056.1641;21375.4155
REMIND-MAgPIE 1.5;SSP1-34;Above 2C;Other;-0.073943513;-0.416606435;0.344681667;34948.2264;37157.7288;37157.7288;34181.2231
REMIND-MAgPIE 1.5;SSP1-45;Above 2C;Other;0.523648326;0.24576487;0.95742171;34969.3154;38941.5934;38941.5934;40901.0441
REMIND-MAgPIE 1.5;SSP1-Baseline;Above 2C;Other;0.646501035;0.656245008;0.772805337;38204.823;40669.0597;40669.0597;46353.0836
REMIND-MAgPIE 1.5;SSP2-19;1.5C high overshoot;1.5C;;;-7.644924424;42310;31110;31110;-7250
REMIND-MAgPIE 1.5;SSP2-26;Higher 2C;High 2C;-2.647811391;-3.054954073;-2.216338832;43285.5779;35991.7025;35991.7025;19351.5076
REMIND-MAgPIE 1.5;SSP2-34;Above 2C;Other;-1.277485339;-1.632069563;-1.150366251;43269.0978;40887.7703;40887.7703;29421.4529
REMIND-MAgPIE 1.5;SSP2-45;Above 2C;Other;-0.52764384;-0.741343654;-0.29880907;43265.9655;42840.1233;42840.1233;36916.3326
REMIND-MAgPIE 1.5;SSP2-60;Above 2C;Other;0.602853543;0.710058387;0.625228682;43259.746;44971.357;44971.357;51807.5372
REMIND-MAgPIE 1.5;SSP2-Baseline;Above 2C;Other;1.122419777;1.095285457;1.346367739;43270.0274;48639.9045;48639.9045;60479.8592
REMIND-MAgPIE 1.5;SSP5-19;1.5C high overshoot;1.5C;-10.87827834;-15.65535249;-2.87761124;39700;37770;37770;1254
REMIND-MAgPIE 1.5;SSP5-26;Above 2C;Other;-1.520204954;-2.696649391;-0.198494926;39561.2523;43164.6483;43164.6483;24985.2738
REMIND-MAgPIE 1.5;SSP5-34;Above 2C;Other;-0.184268397;-0.859651528;0.479703192;39549.8502;44473.965;44473.965;37420.9382
REMIND-MAgPIE 1.5;SSP5-45;Above 2C;Other;0.29720492;-0.193773756;0.759460054;39542.47;44934.0956;44934.0956;43224.373
REMIND-MAgPIE 1.5;SSP5-60;Above 2C;Other;1.29360643;0.983012885;1.615951883;39560.3595;47835.9901;47835.9901;58172.9713
REMIND-MAgPIE 1.5;SSP5-Baseline;Above 2C;Other;2.149552369;2.008701979;2.268086715;44610.3893;56726.452;56726.452;84436.4661
REMIND-MAgPIE 1.7-3.0;CD-LINKS_INDCi;Above 2C;Other;0.271099407;0.459170041;0.124620505;42681.5938;42239.835;42239.835;46292.8512
REMIND-MAgPIE 1.7-3.0;CD-LINKS_NPi;Above 2C;Other;0.88524298;0.964773811;0.819607598;43082.0934;46315.7386;46315.7386;56121.0939
REMIND-MAgPIE 1.7-3.0;CD-LINKS_NPi2020_1000;Lower 2C;Low 2C;-4.582317991;-5.166704059;-3.944192893;42026.688;29728.5776;29728.5776;10289.4231
REMIND-MAgPIE 1.7-3.0;CD-LINKS_NPi2020_1600;Higher 2C;High 2C;-2.67395295;-3.021468881;-2.204270979;42021.6469;34421.7996;34421.7996;18635.6956
REMIND-MAgPIE 1.7-3.0;CD-LINKS_NPi2020_400;1.5C high overshoot;1.5C;-18.37885924;-24.26943907;-6.879987392;41856.0778;24570.5493;24570.5493;94.5885
REMIND-MAgPIE 1.7-3.0;CD-LINKS_NoPolicy;Above 2C;Other;1.246425686;1.242983485;1.269973673;44930.9071;50890.5915;50890.5915;65153.2663
REMIND-MAgPIE 1.7-3.0;EMF33_1.5C_cost100;1.5C high overshoot;1.5C;-6.271356949;-7.3873507;-4.535845413;44324.3213;29471.7432;29471.7432;6350.5594
REMIND-MAgPIE 1.7-3.0;EMF33_1.5C_full;1.5C high overshoot;1.5C;-7.312836169;-9.060010256;-4.646099902;44405.855;30403.9504;30403.9504;4550.1743
REMIND-MAgPIE 1.7-3.0;EMF33_1.5C_nofuel;1.5C high overshoot;1.5C;-11.91521153;-15.53296542;-6.040897209;44275.8219;28803.7581;28803.7581;984.451
REMIND-MAgPIE 1.7-3.0;EMF33_Baseline;Above 2C;Other;1.219956206;1.058683883;1.394980182;46353.8525;54025.3298;54025.3298;66691.4541
REMIND-MAgPIE 1.7-3.0;EMF33_Med2C_cost100;Above 2C;Other;-1.734330328;-1.977811488;-1.575718786;43837.6255;38673.5175;38673.5175;25935.9146
REMIND-MAgPIE 1.7-3.0;EMF33_Med2C_full;Above 2C;Other;-1.65616258;-2.054440945;-1.213035775;43854.1466;40246.6924;40246.6924;26572.0575
REMIND-MAgPIE 1.7-3.0;EMF33_Med2C_limbio;Higher 2C;High 2C;-2.700236487;-2.906258255;-2.578930939;43855.5744;34797.944;34797.944;19292.0485
REMIND-MAgPIE 1.7-3.0;EMF33_Med2C_nobeccs;Above 2C;Other;-2.390669336;-2.228662677;-2.787724841;43943.9196;33373.9585;33373.9585;21263.6998
REMIND-MAgPIE 1.7-3.0;EMF33_Med2C_nofuel;Above 2C;Other;-1.952699314;-2.344652799;-1.603357754;43817.5842;38975.9862;38975.9862;24250.3316
REMIND-MAgPIE 1.7-3.0;EMF33_Med2C_none;Higher 2C;High 2C;-2.918376118;-2.763929336;-3.309919446;44180.6392;31826.9446;31826.9446;18169.4993
REMIND-MAgPIE 1.7-3.0;EMF33_WB2C_cost100;Higher 2C;High 2C;-2.712411236;-2.68559219;-2.962854167;44150.0246;33351.1841;33351.1841;19348.8047
REMIND-MAgPIE 1.7-3.0;EMF33_WB2C_full;Higher 2C;High 2C;-2.994910141;-3.326026989;-2.619161838;44072.0181;34818.276;34818.276;17701.0328
REMIND-MAgPIE 1.7-3.0;EMF33_WB2C_limbio;Lower 2C;Low 2C;-5.61192338;-6.294271236;-5.116454983;44065.6304;28595.0742;28595.0742;7791.3745
REMIND-MAgPIE 1.7-3.0;EMF33_WB2C_nobeccs;Lower 2C;Low 2C;-5.231218529;-5.182474691;-5.416559628;43946.9442;25416.4712;25416.4712;8767.7383
REMIND-MAgPIE 1.7-3.0;EMF33_WB2C_nofuel;Lower 2C;Low 2C;-3.624377267;-4.053904129;-3.19937471;44217.6652;33424.5503;33424.5503;14608.7052
REMIND-MAgPIE 1.7-3.0;EMF33_WB2C_none;Lower 2C;Low 2C;-6.459656572;-6.44682801;-7.250574788;43970.5225;22488.4791;22488.4791;5931.0342
REMIND-MAgPIE 1.7-3.0;EMF33_tax_hi_full;Higher 2C;High 2C;-2.989092818;-3.479936671;-2.604235933;45654.9122;37303.7527;37303.7527;18369.8025
REMIND-MAgPIE 1.7-3.0;EMF33_tax_hi_none;Above 2C;Other;-2.446687882;-2.650827272;-2.62188136;45640.636;37150.6961;37150.6961;21707.6225
REMIND-MAgPIE 1.7-3.0;EMF33_tax_lo_full;Above 2C;Other;-1.026767983;-1.312002176;-0.581905997;45675.9044;43644.8465;43644.8465;33513.4959
REMIND-MAgPIE 1.7-3.0;EMF33_tax_lo_none;Above 2C;Other;-0.946274656;-1.180294526;-0.565651077;45617.0528;43489.1111;43489.1111;34296.6447
REMIND-MAgPIE 1.7-3.0;PEP_1p5C_full_NDC;1.5C high overshoot;1.5C;;;-4.252367054;44855.7889;42923.0542;42923.0542;-4040.1044
REMIND-MAgPIE 1.7-3.0;PEP_1p5C_full_eff;1.5C high overshoot;1.5C;;;-6.701667284;42685.568;26082.211;26082.211;-541.2075
REMIND-MAgPIE 1.7-3.0;PEP_1p5C_full_goodpractice;1.5C high overshoot;1.5C;;;-4.493715974;43038.6211;37495.8715;37495.8715;-2431.2328
REMIND-MAgPIE 1.7-3.0;PEP_1p5C_full_netzero;1.5C high overshoot;1.5C;;;-4.845386187;42766.3727;33937.3128;33937.3128;-1126.3657
REMIND-MAgPIE 1.7-3.0;PEP_1p5C_red_eff;1.5C low overshoot;1.5C;;;;42692.5806;15307.7392;15307.7392;-5753.3094
REMIND-MAgPIE 1.7-3.0;PEP_2C_full_NDC;Higher 2C;High 2C;-5.341856802;-7.745635686;-2.638394166;44855.7889;43333.0762;43333.0762;8640.8792
REMIND-MAgPIE 1.7-3.0;PEP_2C_full_eff;Lower 2C;Low 2C;-4.855604882;-5.571084642;-3.983097209;42654.0482;30154.8042;30154.8042;9582.0082
REMIND-MAgPIE 1.7-3.0;PEP_2C_full_goodpractice;Higher 2C;High 2C;-4.912971845;-6.685834727;-3.005334451;43038.6211;37891.785;37891.785;9495.0351
REMIND-MAgPIE 1.7-3.0;PEP_2C_full_netzero;Lower 2C;Low 2C;-4.946889863;-6.289853021;-3.501581662;42766.3727;34226.3023;34226.3023;9334.528
REMIND-MAgPIE 1.7-3.0;PEP_2C_red_NDC;Lower 2C;Low 2C;;;-4.451834648;44811.2136;42895.6185;42895.6185;-646.6492
REMIND-MAgPIE 1.7-3.0;PEP_2C_red_eff;Lower 2C;Low 2C;-7.78537488;-9.221437997;-6.290206506;43045.163;26197.0585;26197.0585;3783.7158
REMIND-MAgPIE 1.7-3.0;PEP_2C_red_goodpractice;Lower 2C;Low 2C;-12.12890379;-17.04743118;-4.680467518;43016.6016;37361.1845;37361.1845;889.2368
REMIND-MAgPIE 1.7-3.0;PEP_2C_red_netzero;Lower 2C;Low 2C;-9.723266755;-13.20909376;-4.967968212;42682.9015;33732.1894;33732.1894;1983.9421
REMIND-MAgPIE 1.7-3.0;SMP_1p5C_Def;1.5C low overshoot;1.5C;-10.20386538;-12.59265325;-6.020130168;36816.1206;21518.3291;21518.3291;1458.0328
REMIND-MAgPIE 1.7-3.0;SMP_1p5C_Sust;Below 1.5C;1.5C;;;-12.05506427;32819.6706;14126.8732;14126.8732;-3016.3636
REMIND-MAgPIE 1.7-3.0;SMP_1p5C_early;Below 1.5C;1.5C;;;-8.414194474;31112.0643;13209.6671;13209.6671;-264.4655
REMIND-MAgPIE 1.7-3.0;SMP_1p5C_lifesty;1.5C low overshoot;1.5C;-13.54984743;-17.42897028;-6.511324455;37154.6856;21698.6393;21698.6393;470.9627
REMIND-MAgPIE 1.7-3.0;SMP_1p5C_regul;1.5C low overshoot;1.5C;;;-8.46426411;37159.2558;17448.5391;17448.5391;-1449.9454
REMIND-MAgPIE 1.7-3.0;SMP_2C_Def;Lower 2C;Low 2C;-4.315031603;-4.950015231;-3.41828719;40145.9954;29506.1626;29506.1626;10689.4107
REMIND-MAgPIE 1.7-3.0;SMP_2C_Sust;1.5C low overshoot;1.5C;-5.831292818;-6.497280966;-4.898119531;36259.1658;22915.6008;22915.6008;5978.8279
REMIND-MAgPIE 1.7-3.0;SMP_2C_early;Lower 2C;Low 2C;-4.565386811;-4.677175571;-4.04918292;34270.9632;21986.9909;21986.9909;8435.3642
REMIND-MAgPIE 1.7-3.0;SMP_2C_lifesty;1.5C high overshoot;1.5C;-4.824532233;-5.741865764;-3.540624899;39878.5567;29519.7891;29519.7891;9046.6967
REMIND-MAgPIE 1.7-3.0;SMP_2C_regul;1.5C high overshoot;1.5C;-5.608149058;-6.500498782;-4.445286746;40510.5923;27505.3883;27505.3883;7171.3953
REMIND-MAgPIE 1.7-3.0;SMP_REF_Def;Above 2C;Other;0.832509995;0.800278347;0.848070003;48898.9971;53466.6123;53466.6123;62707.1835
REMIND-MAgPIE 1.7-3.0;SMP_REF_Sust;Above 2C;Other;0.796663717;1.394495608;0.626259723;45815.9374;44067.0239;44067.0239;58130.1313
Reference;CEDS;reference;Other;;;;;;;
Reference;IEA Energy Statistics (r2017);reference;Other;;;;;;;
Shell World Energy Model 2018;Sky;no-climate-assessment;Other;;;;;;;
WITCH-GLOBIOM 3.1;SSP1-19;1.5C low overshoot;1.5C;-7.958569733;-5.944449441;-7.748343329;37312.30711;10560.00846;10560.00846;3099.936979
WITCH-GLOBIOM 3.1;SSP1-26;Lower 2C;Low 2C;-3.699148212;-1.502366295;-4.710266187;39615.92789;17308.43271;17308.43271;12787.14788
WITCH-GLOBIOM 3.1;SSP1-34;Above 2C;Other;-1.633119058;-1.5385595;-1.692027928;39965.21988;33252.59372;33252.59372;24386.48637
WITCH-GLOBIOM 3.1;SSP1-45;Above 2C;Other;-0.193790805;-0.497217419;-0.051112459;39588.18596;41265.57528;41265.57528;37350.15616
WITCH-GLOBIOM 3.1;SSP1-Baseline;Above 2C;Other;0.450489578;0.336306443;0.768076073;41319.14698;44213.09153;44213.09153;47283.87712
WITCH-GLOBIOM 3.1;SSP2-26;Lower 2C;Low 2C;-3.382072224;-1.245785821;-4.397923194;37422.90714;17129.95932;17129.95932;13331.19503
WITCH-GLOBIOM 3.1;SSP2-34;Above 2C;Other;-1.835894805;-1.309440376;-2.117895463;39759.27733;29682.98784;29682.98784;22804.46285
WITCH-GLOBIOM 3.1;SSP2-45;Above 2C;Other;-0.554385454;-0.70226678;-0.171907258;40781.86062;39741.973;39741.973;34517.24409
WITCH-GLOBIOM 3.1;SSP2-60;Above 2C;Other;0.717931398;0.445567594;1.079345002;40993.74245;46484.26265;46484.26265;50806.75884
WITCH-GLOBIOM 3.1;SSP2-Baseline;Above 2C;Other;1.182824782;0.939753792;1.393122534;43951.95195;51872.51879;51872.51879;62543.49672
WITCH-GLOBIOM 3.1;SSP3-34;Above 2C;Other;-2.163710272;-1.253142293;-2.664103339;39428.28701;26323.36786;26323.36786;20455.36077
WITCH-GLOBIOM 3.1;SSP3-45;Above 2C;Other;-0.87222087;-1.12809186;-0.478637498;43996.6281;42444.59245;42444.59245;33828.33966
WITCH-GLOBIOM 3.1;SSP3-60;Above 2C;Other;0.489242742;0.029536254;0.972896143;45416.13488;52267.56511;52267.56511;52577.19062
WITCH-GLOBIOM 3.1;SSP3-Baseline;Above 2C;Other;1.083541368;0.677203708;1.381440781;48286.99637;58293.58412;58293.58412;66718.09695
WITCH-GLOBIOM 3.1;SSP4-19;1.5C low overshoot;1.5C;-7.184561559;-5.40566212;-6.953990213;39253.00149;12740.21195;12740.21195;4192.561932
WITCH-GLOBIOM 3.1;SSP4-26;Lower 2C;Low 2C;-3.626354226;-2.317437071;-4.216971136;41990.29387;22159.33137;22159.33137;13864.2879
WITCH-GLOBIOM 3.1;SSP4-34;Above 2C;Other;-1.799499453;-2.051017108;-1.569322065;41991.15671;36861.26796;36861.26796;24353.92041
WITCH-GLOBIOM 3.1;SSP4-45;Above 2C;Other;-0.407878135;-0.866515084;-0.051253805;41616.6136;43813.5888;43813.5888;36814.27895
WITCH-GLOBIOM 3.1;SSP4-60;Above 2C;Other;0.491367003;0.204436205;0.60878346;41338.99071;45970.95374;45970.95374;47887.53593
WITCH-GLOBIOM 3.1;SSP4-Baseline;Above 2C;Other;0.482395315;0.252817335;0.804553305;43044.97998;47281.38245;47281.38245;49730.39274
WITCH-GLOBIOM 3.1;SSP5-34;Above 2C;Other;-2.337973168;-0.087391613;-3.238355444;37813.9334;18924.21652;18924.21652;18596.18468
WITCH-GLOBIOM 3.1;SSP5-45;Above 2C;Other;-0.708199299;0.006173503;-0.99470136;39879.42973;32182.09696;32182.09696;32221.85553
WITCH-GLOBIOM 3.1;SSP5-60;Above 2C;Other;0.682847478;0.545931449;1.150775786;40954.05891;45047.59445;45047.59445;50229.82201
WITCH-GLOBIOM 3.1;SSP5-Baseline;Above 2C;Other;2.325175178;2.247760412;2.517976644;44321.53096;56625.69873;56625.69873;88326.22267
WITCH-GLOBIOM 4.2;ADVANCE_2020_1.5C-2100;1.5C low overshoot;1.5C;-6.353979029;-5.080075165;-6.653728458;37303.32932;14766.57407;14766.57407;5205.080624
WITCH-GLOBIOM 4.2;ADVANCE_2020_Med2C;Higher 2C;High 2C;-1.928624691;-1.334225998;-2.314356889;37303.32932;27207.2735;27207.2735;20797.71225
WITCH-GLOBIOM 4.2;ADVANCE_2020_WB2C;Lower 2C;Low 2C;-3.37055698;-2.179776205;-3.807944152;37303.32932;20723.29646;20723.29646;13336.19329
WITCH-GLOBIOM 4.2;ADVANCE_2030_Med2C;Higher 2C;High 2C;-2.258717345;-3.238385002;-2.493856111;37303.32932;36310.01651;36310.01651;18797.0031
WITCH-GLOBIOM 4.2;ADVANCE_2030_Price1.5C;Lower 2C;Low 2C;-4.720111421;-6.870361254;-4.200502401;37303.32932;36310.01651;36310.01651;8745.503392
WITCH-GLOBIOM 4.2;ADVANCE_2030_WB2C;Lower 2C;Low 2C;-4.258126284;-6.192202082;-3.997404876;37303.32932;36310.01651;36310.01651;10111.25986
WITCH-GLOBIOM 4.2;ADVANCE_INDC;Above 2C;Other;-0.281533304;-0.287536649;-0.184321921;37303.32932;36310.01651;36310.01651;34277.99058
WITCH-GLOBIOM 4.2;ADVANCE_NoPolicy;Above 2C;Other;1.083791026;0.79383035;1.328385295;43535.65605;51358.43019;51358.43019;60157.63173
WITCH-GLOBIOM 4.2;ADVANCE_Reference;Above 2C;Other;0.92775262;0.427101768;1.38280593;37241.86981;45116.03986;45116.03986;49130.31657
WITCH-GLOBIOM 4.4;CD-LINKS_INDCi;Above 2C;Other;0.804542052;1.180707819;0.733894901;38751.41118;38970.5278;38970.5278;49282.25282
WITCH-GLOBIOM 4.4;CD-LINKS_NPi;Above 2C;Other;1.55656234;1.200932008;1.845389128;40656.52654;50895.54633;50895.54633;64620.45678
WITCH-GLOBIOM 4.4;CD-LINKS_NPi2020_1000;1.5C low overshoot;1.5C;-4.464062798;-3.430643455;-4.744475662;40656.52654;20765.69975;20765.69975;10330.785
WITCH-GLOBIOM 4.4;CD-LINKS_NPi2020_1600;Lower 2C;Low 2C;-2.66536234;-2.364107727;-3.080327867;40656.52654;29171.76972;29171.76972;18078.09929
WITCH-GLOBIOM 4.4;CD-LINKS_NPi2020_400;Below 1.5C;1.5C;-9.965536879;-10.32937381;-8.098731336;40656.52654;15430.84104;15430.84104;1743.386378
WITCH-GLOBIOM 4.4;CD-LINKS_NoPolicy;Above 2C;Other;1.473854253;1.168516239;1.737359408;42656.04102;52444.21934;52444.21934;66161.48381
