Country Name;Country Code;Series Name;Series Code;1970 [YR1970];1971 [YR1971];1972 [YR1972];1973 [YR1973];1974 [YR1974];1975 [YR1975];1976 [YR1976];1977 [YR1977];1978 [YR1978];1979 [YR1979];1980 [YR1980];1981 [YR1981];1982 [YR1982];1983 [YR1983];1984 [YR1984];1985 [YR1985];1986 [YR1986];1987 [YR1987];1988 [YR1988];1989 [YR1989];1990 [YR1990];1991 [YR1991];1992 [YR1992];1993 [YR1993];1994 [YR1994];1995 [YR1995];1996 [YR1996];1997 [YR1997];1998 [YR1998];1999 [YR1999];2000 [YR2000];2001 [YR2001];2002 [YR2002];2003 [YR2003];2004 [YR2004];2005 [YR2005];2006 [YR2006];2007 [YR2007];2008 [YR2008];2009 [YR2009];2010 [YR2010];2011 [YR2011];2012 [YR2012];2013 [YR2013];2014 [YR2014];2015 [YR2015];2016 [YR2016];2017 [YR2017];2018 [YR2018];2019 [YR2019];
Afghanistan;AFG;GDP, PPP (constant 2011 international $);NY.GDP.MKTP.PP.KD;..;..;..;..;..;..;..;..;..;..;..;..;..;..;..;..;..;..;..;..;..;..;..;..;..;..;..;..;..;..;..;..;22967928744;24996520016;25350000300;28196733046;29707345737;33814778286;35142002863;42659062968;48785945914;48993947132;55241795924;58335747860;59925130607;60794832810;62168987051;63825972119;64483800920;..;
Albania;ALB;GDP, PPP (constant 2011 international $);NY.GDP.MKTP.PP.KD;..;..;..;..;..;..;..;..;..;..;..;..;..;..;..;..;..;..;..;..;14652216390;10549282000;9791093402;10727064330;11617718170;13165469309;14363526943;12795032087;13924844642;15719742737;16812270537;18206019538;19032565659;20085076205;21191763641;22363650117;23683124250;25099370826;26981815997;27885725017;28919418569;29655511080;30075885188;30377242162;30916282306;31602237771;32649790251;33897365318;35302491765;..;
Algeria;DZA;GDP, PPP (constant 2011 international $);NY.GDP.MKTP.PP.KD;..;..;..;..;..;..;..;..;..;..;..;..;..;..;..;..;..;..;..;..;2.65317E+11;2.62133E+11;2.66851E+11;2.61247E+11;2.58896E+11;2.68734E+11;2.79752E+11;2.8283E+11;2.97254E+11;3.06766E+11;3.18423E+11;3.27976E+11;3.46343E+11;3.71279E+11;3.87244E+11;4.10092E+11;4.17063E+11;4.31243E+11;4.41593E+11;4.48659E+11;4.6481E+11;4.7829E+11;4.94552E+11;5.08399E+11;5.27718E+11;5.47244E+11;5.64756E+11;5.72098E+11;5.80107E+11;..;
American Samoa;ASM;GDP, PPP (constant 2011 international $);NY.GDP.MKTP.PP.KD;..;..;..;..;..;..;..;..;..;..;..;..;..;..;..;..;..;..;..;..;..;..;..;..;..;..;..;..;..;..;..;..;..;..;..;..;..;..;..;..;..;..;..;..;..;..;..;..;..;..;
Andorra;AND;GDP, PPP (constant 2011 international $);NY.GDP.MKTP.PP.KD;..;..;..;..;..;..;..;..;..;..;..;..;..;..;..;..;..;..;..;..;..;..;..;..;..;..;..;..;..;..;..;..;..;..;..;..;..;..;..;..;..;..;..;..;..;..;..;..;..;..;
Angola;AGO;GDP, PPP (constant 2011 international $);NY.GDP.MKTP.PP.KD;..;..;..;..;..;..;..;..;..;..;..;..;..;..;..;..;..;..;..;..;56412886586;56972140984;53645947454;40779815935;41326005879;47524906773;53961855872;57887190934;60602763837;61924806899;63816377058;66500492955;75588241859;77848216916;86374824504;99356023735;1.10829E+11;1.26357E+11;1.40466E+11;1.41672E+11;1.48556E+11;1.53714E+11;1.66844E+11;1.75111E+11;1.83556E+11;1.85288E+11;1.80507E+11;1.80241E+11;1.76396E+11;..;
Antigua and Barbuda;ATG;GDP, PPP (constant 2011 international $);NY.GDP.MKTP.PP.KD;..;..;..;..;..;..;..;..;..;..;..;..;..;..;..;..;..;..;..;..;1091398090;1115156444;1128073594;1187636686;1266925629;1211694083;1291724273;1362396212;1426855451;1479761747;1578783591;1500569472;1515936817;1607770883;1700000020;1809010909;2039270997;2228095675;2227424277;1957738077;1809452002;1774011846;1833846892;1822827739;1892017315;1964392523;2072390668;2137578620;2295528519;..;
Argentina;ARG;GDP, PPP (constant 2011 international $);NY.GDP.MKTP.PP.KD;..;..;..;..;..;..;..;..;..;..;..;..;..;..;..;..;..;..;..;..;3.70966E+11;4.04847E+11;4.36981E+11;4.72844E+11;5.0044E+11;4.86201E+11;5.13072E+11;5.54688E+11;5.76044E+11;5.56542E+11;5.52151E+11;5.27808E+11;4.70306E+11;5.11867E+11;5.58086E+11;6.07486E+11;6.56372E+11;7.15495E+11;7.44525E+11;7.0046E+11;7.71384E+11;8.17698E+11;8.09305E+11;8.28771E+11;8.07947E+11;8.30013E+11;8.12746E+11;8.34435E+11;8.13726E+11;..;
Armenia;ARM;GDP, PPP (constant 2011 international $);NY.GDP.MKTP.PP.KD;..;..;..;..;..;..;..;..;..;..;..;..;..;..;..;..;..;..;..;..;13241360920;11692121893;6804814621;6205991016;6541114704;6992451515;7402586818;7648432626;8206768207;8477591558;8977769460;9835742702;11132713294;12695834752;14024814656;15969454960;18077104187;20562561750;21981378511;18871015949;19286178300;20192628680;21646497945;22360832377;23165822343;23907128658;23954942915;25751563634;27090644943;..;
Aruba;ABW;GDP, PPP (constant 2011 international $);NY.GDP.MKTP.PP.KD;..;..;..;..;..;..;..;..;..;..;..;..;..;..;..;..;..;..;..;..;2308215392;2492015641;2638604796;2831425916;3063713347;3141750497;3179005059;3403025483;3470813355;3513783388;3781413852;3669058328;3548946314;3619057427;3905381496;3952806451;3994334897;4066241947;4062553550;3635183170;3501225595;3621879746;3572264955;3722236937;3753809986;3736895853;3729002590;3778617381;..;..;
Australia;AUS;GDP, PPP (constant 2011 international $);NY.GDP.MKTP.PP.KD;..;..;..;..;..;..;..;..;..;..;..;..;..;..;..;..;..;..;..;..;4.8924E+11;4.87297E+11;4.89307E+11;5.09023E+11;5.29296E+11;5.496E+11;5.70917E+11;5.93563E+11;6.20728E+11;6.52221E+11;6.77874E+11;6.90963E+11;7.18611E+11;7.40068E+11;7.70082E+11;7.94757E+11;8.16967E+11;8.48374E+11;8.79406E+11;8.9644E+11;9.14973E+11;9.37507E+11;9.7424E+11;9.99423E+11;1.02474E+12;1.04721E+12;1.07622E+12;1.1017E+12;1.1341E+12;..;
Austria;AUT;GDP, PPP (constant 2011 international $);NY.GDP.MKTP.PP.KD;..;..;..;..;..;..;..;..;..;..;..;..;..;..;..;..;..;..;..;..;2.40638E+11;2.4892E+11;2.54132E+11;2.5547E+11;2.61607E+11;2.68587E+11;2.74897E+11;2.80652E+11;2.90704E+11;3.01042E+11;3.11205E+11;3.15148E+11;3.20353E+11;3.23369E+11;3.32213E+11;3.39668E+11;3.51401E+11;3.64499E+11;3.69822E+11;3.559E+11;3.62438E+11;3.73031E+11;3.7557E+11;3.75666E+11;3.7815E+11;3.81986E+11;3.89941E+11;3.99598E+11;4.09267E+11;..;
Azerbaijan;AZE;GDP, PPP (constant 2011 international $);NY.GDP.MKTP.PP.KD;..;..;..;..;..;..;..;..;..;..;..;..;..;..;..;..;..;..;..;..;62925566323;62485087244;48363457498;37191499150;29864773549;26340730350;26683159704;28230782970;31053861596;33351847225;37053902102;40722238458;44565976479;49115405061;53660447066;68664733400;92330864173;1.15841E+11;1.28111E+11;1.40114E+11;1.46824E+11;1.44514E+11;1.47698E+11;1.56327E+11;1.607E+11;1.62389E+11;1.57413E+11;1.56969E+11;1.59187E+11;..;
Bahamas; The;BHS;GDP, PPP (constant 2011 international $);NY.GDP.MKTP.PP.KD;..;..;..;..;..;..;..;..;..;..;..;..;..;..;..;..;..;..;..;..;7944357197;7612141277;7320932573;7343466864;7574706439;7906384055;8240312592;8410247584;8806915415;9436091559;9827617929;10085660127;10358433019;10227427765;10317719581;10668042851;10936541393;11094743346;10836905175;10384436165;10544229522;10608854836;10936337367;10613486232;10691658889;10755549709;10803546883;10810749010;10980019387;..
Bahrain;BHR;GDP, PPP (constant 2011 international $);NY.GDP.MKTP.PP.KD;..;..;..;..;..;..;..;..;..;..;..;..;..;..;..;..;..;..;..;..;17413877056;19369455237;20665271476;23324893293;23266580714;24180955369;25174794113;25953450441;27196621441;28366075881;29869497774;30613531464;31638641076;33630749755;35978499143;38413882984;40898108843;44290181814;47054702541;48250134373;50342634748;51341188465;53255295711;56140046949;58582304081;60259543159;62352668378;64724266001;65874240390;..;
Bangladesh;BGD;GDP, PPP (constant 2011 international $);NY.GDP.MKTP.PP.KD;..;..;..;..;..;..;..;..;..;..;..;..;..;..;..;..;..;..;..;..;1.36764E+11;1.4153E+11;1.49234E+11;1.56265E+11;1.62344E+11;1.70658E+11;1.78376E+11;1.86385E+11;1.96035E+11;2.0519E+11;2.16051E+11;2.27021E+11;2.35722E+11;2.46895E+11;2.59831E+11;2.76813E+11;2.95282E+11;3.16125E+11;3.35136E+11;3.52044E+11;3.71659E+11;3.95684E+11;4.21489E+11;4.46835E+11;4.73918E+11;5.04973E+11;5.40894E+11;5.80294E+11;6.25926E+11;..;
Barbados;BRB;GDP, PPP (constant 2011 international $);NY.GDP.MKTP.PP.KD;..;..;..;..;..;..;..;..;..;..;..;..;..;..;..;..;..;..;..;..;3860910574;3710338659;3499126860;3526877316;3597795146;3670254668;3816201507;3997093364;4146123588;4159998815;4345001851;4242222387;4275625713;4368641128;4430308806;4605547793;4866607632;4957053560;5002276525;4759203092;4655909730;4618909123;4615825739;4552616369;4544907909;4645117886;4750980735;4742758378;4719119101;..;
Belarus;BLR;GDP, PPP (constant 2011 international $);NY.GDP.MKTP.PP.KD;..;..;..;..;..;..;..;..;..;..;..;..;..;..;..;..;..;..;..;..;85247615337;84224647730;76139080372;70352508861;62121262582;55660650968;57219151784;63742138180;69096472319;71445751799;75589607861;79161448132;83155354932;89012146702;99203808832;1.08529E+11;1.19382E+11;1.29649E+11;1.42873E+11;1.43159E+11;1.54323E+11;1.62623E+11;1.65367E+11;1.67026E+11;1.6991E+11;1.63403E+11;1.59275E+11;1.63308E+11;1.68288E+11;..;
Belgium;BEL;GDP, PPP (constant 2011 international $);NY.GDP.MKTP.PP.KD;..;..;..;..;..;..;..;..;..;..;..;..;..;..;..;..;..;..;..;..;3.00903E+11;3.06419E+11;3.11109E+11;3.08117E+11;3.1806E+11;3.25644E+11;3.29948E+11;3.42465E+11;3.49183E+11;3.61554E+11;3.74992E+11;3.79115E+11;3.85586E+11;3.89589E+11;4.03502E+11;4.1287E+11;4.23408E+11;4.38976E+11;4.40938E+11;4.32028E+11;4.44402E+11;4.51933E+11;4.55274E+11;4.57364E+11;4.64584E+11;4.74028E+11;4.81191E+11;4.90642E+11;4.97798E+11;..;
Belize;BLZ;GDP, PPP (constant 2011 international $);NY.GDP.MKTP.PP.KD;..;..;..;..;..;..;..;..;..;..;..;..;..;..;..;..;..;..;..;..;942837580.4;1050924824;1177660529;1251566876;1253548898;1261624741;1279643395;1325002545;1374566207;1495239368;1689913215;1774672247;1865533426;2039549476;2134349516;2189373235;2289681567;2314995968;2389743847;2405774284;2487172976;2540960749;2615609414;2637892697;2735293494;2829167412;2812531239;2852955439;2939554153;..;
Benin;BEN;GDP, PPP (constant 2011 international $);NY.GDP.MKTP.PP.KD;..;..;..;..;..;..;..;..;..;..;..;..;..;..;..;..;..;..;..;..;7281933690;7589653602;7814133608;8270179892;8437270644;8947320415;9334227963;9869516849;10260449609;10808506330;11441883948;12051783372;12611524838;13045871410;13623755116;13856936261;14403871440;15266161439;16012661259;16385644372;16731414124;17227124155;18056864841;19355102198;20584505762;21015917559;21849169249;23124685144;24710576576;..;
Bermuda;BMU;GDP, PPP (constant 2011 international $);NY.GDP.MKTP.PP.KD;..;..;..;..;..;..;..;..;..;..;..;..;..;..;..;..;..;..;..;..;2405862615;2320830206;2319443808;2389225839;2403551952;2509287756;2574541183;2692970077;2797995910;2892642283;3162154265;3390538833;3340433777;3454366159;3534551202;3593726911;3792958313;3900901739;3960503379;3751223364;3672668488;3550019929;3378392790;3293556129;..;..;..;..;..;..;
Bhutan;BTN;GDP, PPP (constant 2011 international $);NY.GDP.MKTP.PP.KD;..;..;..;..;..;..;..;..;..;..;..;..;..;..;..;..;..;..;..;..;1199387978;1194495961;1249453424;1274272149;1337367781;1431974746;1511666616;1592901139;1687105804;1821803859;1948109962;2110756777;2342777104;2526059648;2677844056;2872985225;3074086674;3638515239;3813144343;4070468050;4556721929;4920467591;5172316847;5281968556;5587081234;5958188144;6442412083;6742102452;6946229083;..;
Bolivia;BOL;GDP, PPP (constant 2011 international $);NY.GDP.MKTP.PP.KD;..;..;..;..;..;..;..;..;..;..;..;..;..;..;..;..;..;..;..;..;25417775962;26756410116;27196953588;28358071413;29681619296;31070206355;32425284643;34031700929;35743275075;35895859391;36796058464;37415630842;38345620610;39385301031;41028965561;42843034509;44898218803;46947545358;49834113868;51507045698;53632596929;56423688732;59313865042;63344842254;66803829903;70048617523;73035434188;76099423564;79313577791;..;
Bosnia and Herzegovina;BIH;GDP, PPP (constant 2011 international $);NY.GDP.MKTP.PP.KD;..;..;..;..;..;..;..;..;..;..;..;..;..;..;..;..;..;..;..;..;..;..;..;..;5819082494;7029451684;13282687751;17850547563;20635232334;22616214596;23860106497;24909951065;26230178538;27279385697;28943419162;31478647545;33183930775;35127044028;37033292670;35921274535;36196880047;36525637927;36270096411;37122819617;37549002281;38708599149;39926236713;40775725607;42253252846;..;
Botswana;BWA;GDP, PPP (constant 2011 international $);NY.GDP.MKTP.PP.KD;..;..;..;..;..;..;..;..;..;..;..;..;..;..;..;..;..;..;..;..;10939638755;11755594588;12098513547;12330334029;12777668193;13675990688;14473273604;15678302574;15747861477;17270245158;17613525105;17657659996;18729397119;19595799325;20126026723;21043098446;22803116069;24690476123;26232504344;24225111738;26299661097;27890347804;29133188338;32437889490;33783831560;33210193717;34639473263;35646626729;37234179395;..;
Brazil;BRA;GDP, PPP (constant 2011 international $);NY.GDP.MKTP.PP.KD;..;..;..;..;..;..;..;..;..;..;..;..;..;..;..;..;..;..;..;..;1.54094E+12;1.56424E+12;1.55693E+12;1.62957E+12;1.7165E+12;1.79231E+12;1.83188E+12;1.89407E+12;1.90047E+12;1.90936E+12;1.99315E+12;2.02085E+12;2.08255E+12;2.10631E+12;2.22764E+12;2.29897E+12;2.39005E+12;2.53512E+12;2.66427E+12;2.66092E+12;2.86124E+12;2.97495E+12;3.03211E+12;3.12322E+12;3.13896E+12;3.02766E+12;2.92758E+12;2.95872E+12;2.99179E+12;..;
British Virgin Islands;VGB;GDP, PPP (constant 2011 international $);NY.GDP.MKTP.PP.KD;..;..;..;..;..;..;..;..;..;..;..;..;..;..;..;..;..;..;..;..;..;..;..;..;..;..;..;..;..;..;..;..;..;..;..;..;..;..;..;..;..;..;..;..;..;..;..;..;..;..;
Brunei Darussalam;BRN;GDP, PPP (constant 2011 international $);NY.GDP.MKTP.PP.KD;..;..;..;..;..;..;..;..;..;..;..;..;..;..;..;..;..;..;..;..;21911944834;22601281770;23676782035;23748895091;24495892218;25592991541;26329639158;25942284992;25797395034;26584772069;27342284375;28092567737;29180339200;30027723259;30179158548;30296104963;31628442732;31677334552;31062884657;30514769017;31307837411;32480415591;32776910360;32080063898;31326263640;31148701801;30380725910;30784365009;30800446081;..;
Bulgaria;BGR;GDP, PPP (constant 2011 international $);NY.GDP.MKTP.PP.KD;..;..;..;..;..;..;..;..;..;..;..;..;..;..;..;..;..;..;..;..;81053427223;74208177362;68811470845;67792913250;69025396033;70999653123;71499973959;70721467766;75211558924;68887669973;72170698616;74891691136;79338397580;83429258668;88798230410;95123782188;1.01663E+11;1.09129E+11;1.15701E+11;1.11552E+11;1.13029E+11;1.15193E+11;1.15229E+11;1.15798E+11;1.17926E+11;1.22019E+11;1.26823E+11;1.31657E+11;1.35713E+11;..;
Burkina Faso;BFA;GDP, PPP (constant 2011 international $);NY.GDP.MKTP.PP.KD;..;..;..;..;..;..;..;..;..;..;..;..;..;..;..;..;..;..;..;..;7439527546;8114291539;8133174368;8414694841;8525348690;9012689494;10005414158;10637439635;11414793899;12259965668;12483126699;13308685745;13888013411;14971617310;15642117351;16997015908;18059866271;19081152633;20473026958;21079440959;22212117975;23684085089;25212347753;26672795516;27826883996;28910615366;30618083535;32562306769;34787089943;..;
Burundi;BDI;GDP, PPP (constant 2011 international $);NY.GDP.MKTP.PP.KD;..;..;..;..;..;..;..;..;..;..;..;..;..;..;..;..;..;..;..;..;5587966256;5867187790;5926446291;5556636043;5343816882;4920586585;4526939658;4454961318;4666571980;4619439604;4579857286;4674010317;4881841094;4822100639;5055184481;5100681142;5376822182;5562427529;5832856791;6055248860;6365529700;6622226209;6916697286;7257288966;7565045310;7270008310;7226386806;7262519462;7379441166;..;
Cabo Verde;CPV;GDP, PPP (constant 2011 international $);NY.GDP.MKTP.PP.KD;..;..;..;..;..;..;..;..;..;..;..;..;..;..;..;..;..;..;..;..;566468507.9;574422557.7;637250870.7;692744660.8;825631387.8;942967117.4;1049961115;1166700265;1312739470;1460063606;1668631777;1705869873;1795443245;1870425611;2061154268;2203630691;2379563066;2740559154;2922820603;2885688331;2928015322;3044224922;3077160948;3101864322;3120823310;3152245747;3300583860;3422772768;3596565795;..;
Cambodia;KHM;GDP, PPP (constant 2011 international $);NY.GDP.MKTP.PP.KD;..;..;..;..;..;..;..;..;..;..;..;..;..;..;..;..;..;..;..;..;..;..;..;16328203891;10644578380;11698760890;12388695970;12885064073;13488295370;15202034705;16830475873;18083775263;19273495897;20912879329;23075381634;26132889756;28947685177;31903988922;34038869058;34068379722;36099903974;38652011936;41478767114;44530221118;47710823823;51067798981;54658358961;58492659300;62878417548;..;
Cameroon;CMR;GDP, PPP (constant 2011 international $);NY.GDP.MKTP.PP.KD;..;..;..;..;..;..;..;..;..;..;..;..;..;..;..;..;..;..;..;..;35385721209;34038020853;32982841114;30366620198;31011587608;32087625240;33486994338;35238806408;36825360102;38405910798;39770616586;41507830622;43266601948;45242672140;48310557796;49286751028;50990923637;53490601579;55356782178;56573891876;58510137648;60926183399;63694221375;67136426340;71086773495;75104216726;78595422384;81384842553;84691024726;..;
Canada;CAN;GDP, PPP (constant 2011 international $);NY.GDP.MKTP.PP.KD;..;..;..;..;..;..;..;..;..;..;..;..;..;..;..;..;..;..;..;..;8.00598E+11;7.83896E+11;7.90954E+11;8.12E+11;8.48495E+11;8.71353E+11;8.85462E+11;9.2336E+11;9.49182E+11;9.86869E+11;1.0354E+12;1.04995E+12;1.08588E+12;1.12727E+12;1.17139E+12;1.22991E+12;1.28115E+12;1.36914E+12;1.38294E+12;1.34244E+12;1.38392E+12;1.42747E+12;1.45262E+12;1.48647E+12;1.52911E+12;1.53966E+12;1.55671E+12;1.60307E+12;1.63348E+12;..;
Cayman Islands;CYM;GDP, PPP (constant 2011 international $);NY.GDP.MKTP.PP.KD;..;..;..;..;..;..;..;..;..;..;..;..;..;..;..;..;..;..;..;..;..;..;..;..;..;..;..;..;3163433175;3270989827;3303699658;3323521864;3380021794;3447622212;3478650887;3704763114;3875182217;3997739707;3983451738;3696623994;3596237170;3638279419;3683021293;3730139327;3829156919;3937641615;4059562111;4182946380;..;..;
Central African Republic;CAF;GDP, PPP (constant 2011 international $);NY.GDP.MKTP.PP.KD;..;..;..;..;..;..;..;..;..;..;..;..;..;..;..;..;..;..;..;..;2758064652;2742825158;2566623925;2575229191;2701414119;2895917166;2780077787;2927420131;3065013045;3175352746;3096304484;3234546399;3351525134;3170627061;3360702482;3391224736;3553022965;3716729736;3793076233;4118797567;4309531604;4490299877;4717228913;3000536047;3002968597;3133210980;3282048429;3430635892;3560637904;..;
Chad;TCD;GDP, PPP (constant 2011 international $);NY.GDP.MKTP.PP.KD;..;..;..;..;..;..;..;..;..;..;..;..;..;..;..;..;..;..;..;..;6614722472;7179298108;7753745579;6535644784;7198155752;7287164498;7448536790;7869631798;8416695541;8359222117;8285687626;9251644247;10037220772;11514866991;15387244430;18054243761;18171282566;18765755998;19338616642;20154260616;22885183257;22904148163;24938626547;26360128600;28178973531;28958876130;27147345790;26335994156;27031614679;..;
Channel Islands;CHI;GDP, PPP (constant 2011 international $);NY.GDP.MKTP.PP.KD;..;..;..;..;..;..;..;..;..;..;..;..;..;..;..;..;..;..;..;..;..;..;..;..;..;..;..;..;..;..;..;..;..;..;..;..;..;..;..;..;..;..;..;..;..;..;..;..;..;..;
Chile;CHL;GDP, PPP (constant 2011 international $);NY.GDP.MKTP.PP.KD;..;..;..;..;..;..;..;..;..;..;..;..;..;..;..;..;..;..;..;..;1.19071E+11;1.28364E+11;1.42698E+11;1.521E+11;1.59751E+11;1.74022E+11;1.85861E+11;1.99666E+11;2.08301E+11;2.07442E+11;2.18493E+11;2.2571E+11;2.32722E+11;2.42243E+11;2.59708E+11;2.74622E+11;2.91971E+11;3.06293E+11;3.17104E+11;3.12143E+11;3.30386E+11;3.50575E+11;3.69221E+11;3.84156E+11;3.90943E+11;3.99949E+11;4.06631E+11;4.11832E+11;4.28407E+11;..;
China;CHN;GDP, PPP (constant 2011 international $);NY.GDP.MKTP.PP.KD;..;..;..;..;..;..;..;..;..;..;..;..;..;..;..;..;..;..;..;..;1.72771E+12;1.88829E+12;2.15673E+12;2.45581E+12;2.77635E+12;3.08034E+12;3.38617E+12;3.69873E+12;3.98863E+12;4.29445E+12;4.65912E+12;5.04769E+12;5.50857E+12;6.06139E+12;6.67427E+12;7.43486E+12;8.38053E+12;9.5732E+12;1.04974E+13;1.14842E+13;1.27056E+13;1.39191E+13;1.50131E+13;1.61794E+13;1.73605E+13;1.85593E+13;1.98095E+13;2.11481E+13;2.25368E+13;..;
Colombia;COL;GDP, PPP (constant 2011 international $);NY.GDP.MKTP.PP.KD;..;..;..;..;..;..;..;..;..;..;..;..;..;..;..;..;..;..;..;..;2.5585E+11;2.60971E+11;2.71527E+11;2.8615E+11;3.02789E+11;3.18541E+11;3.2509E+11;3.36241E+11;3.38157E+11;3.23941E+11;3.33416E+11;3.3901E+11;3.47499E+11;3.61115E+11;3.80373E+11;3.98276E+11;4.25276E+11;4.54402E+11;4.69202E+11;4.74858E+11;4.95503E+11;5.31984E+11;5.52748E+11;5.77991E+11;6.0532E+11;6.23213E+11;6.36222E+11;6.4482E+11;6.61386E+11;..;
Comoros;COM;GDP, PPP (constant 2011 international $);NY.GDP.MKTP.PP.KD;..;..;..;..;..;..;..;..;..;..;..;..;..;..;..;..;..;..;..;..;1062118545;1004810482;1090530682;1123312703;1064037929;1102451895;1088211646;1132068247;1146587201;1168652225;1295426200;1325647290;1356467858;1385006201;1411593608;1451648253;1490072736;1501993949;1562073286;1612061398;1673318658;1741922162;1797668425;1878561243;1918011150;1939418851;2003820745;2080280576;2151650096;..;
Congo; Dem. Rep.;COD;GDP, PPP (constant 2011 international $);NY.GDP.MKTP.PP.KD;..;..;..;..;..;..;..;..;..;..;..;..;..;..;..;..;..;..;..;..;48004565259;43962076097;39346054341;34046514397;32718701424;32947731951;32610619772;30778866063;30278969865;28986015210;26982812767;26416127012;27194812406;28711690720;30646391804;32526594265;34257327699;36401657509;38667986217;39771981975;42598965138;45527503793;48753991980;52889284438;57898052047;61902390065;63387663074;65750088095;69535933943;..
Congo; Rep.;COG;GDP, PPP (constant 2011 international $);NY.GDP.MKTP.PP.KD;..;..;..;..;..;..;..;..;..;..;..;..;..;..;..;..;..;..;..;..;12544964566;12845462564;13180979374;13051847532;12334899661;12826485424;13376803416;13293223523;13790064767;13433977803;14451733327;15001275213;15688614151;15816204014;16366075164;17635388508;18735130808;18438699307;19466146637;20920061934;22750902379;23529134689;24423235057;25263566588;26976415221;27690342240;26915007455;26080642223;26348113347;..
Costa Rica;CRI;GDP, PPP (constant 2011 international $);NY.GDP.MKTP.PP.KD;..;..;..;..;..;..;..;..;..;..;..;..;..;..;..;..;..;..;..;..;24158245128;24705587614;26977652044;28889697787;30186055660;31430172856;31819220677;33589942981;35928374127;37345156957;38776659064;40130146530;41451131897;43215075215;45089129281;46834472359;50224226301;54326488948;56852452418;56300671900;59088604516;61633610782;64590125734;66055693385;68377774648;70861071789;73869825724;76379317927;78391137680;..;
Cote d'Ivoire;CIV;GDP, PPP (constant 2011 international $);NY.GDP.MKTP.PP.KD;..;..;..;..;..;..;..;..;..;..;..;..;..;..;..;..;..;..;..;..;39180243996;39196278577;39100419918;39025157436;39341732121;42145123523;45402658112;47102330747;49424795774;50224255409;49185416882;49245114164;48423881889;47765541810;48353904781;49186195094;49931780276;50813094565;52105191009;53799367179;54884843974;52476906029;58095348126;63259688377;68822794330;74908697646;80880232639;87109700482;93584626911;..;
Croatia;HRV;GDP, PPP (constant 2011 international $);NY.GDP.MKTP.PP.KD;..;..;..;..;..;..;..;..;..;..;..;..;..;..;..;..;..;..;..;..;..;..;..;..;..;58955457242;62394651064;66608119916;67942243749;67386634057;69595965386;71925292180;75604867034;79869231232;83192096550;86781011632;91120977654;95919755985;97607494542;90424072912;89071094135;88795109767;86808136745;86331977887;86242306373;88344151517;91421642494;94291547037;96772155500;..;
Cuba;CUB;GDP, PPP (constant 2011 international $);NY.GDP.MKTP.PP.KD;..;..;..;..;..;..;..;..;..;..;..;..;..;..;..;..;..;..;..;..;..;..;..;..;..;..;..;..;..;..;..;..;..;..;..;..;..;..;..;..;..;..;..;..;..;..;..;..;..;..;
Curacao;CUW;GDP, PPP (constant 2011 international $);NY.GDP.MKTP.PP.KD;..;..;..;..;..;..;..;..;..;..;..;..;..;..;..;..;..;..;..;..;..;..;..;..;..;..;..;..;..;..;3914771156;3887534020;3902970061;3914217828;3922377480;3948909471;4013511034;4112643244;4202629713;4180300744;4183741381;4209371340;4203523804;4170143337;4122652134;4134141757;4093355567;4022140782;3935015902;..;
Cyprus;CYP;GDP, PPP (constant 2011 international $);NY.GDP.MKTP.PP.KD;..;..;..;..;..;..;..;..;..;..;..;..;..;..;..;..;..;..;..;..;13004793447;13100964051;14332454543;14432781795;15284315733;16562461945;16769257793;17212116223;18263922267;19176745874;20320698274;21123886175;21910319268;22485089633;23615267570;24761317412;25928523490;27250377366;28244147396;27674953724;28232519829;28345855875;27368824655;25575324158;25098666658;25945668114;27696114325;28904005249;30077563289;..;
Czech Republic;CZE;GDP, PPP (constant 2011 international $);NY.GDP.MKTP.PP.KD;..;..;..;..;..;..;..;..;..;..;..;..;..;..;..;..;..;..;..;..;2.06906E+11;1.82874E+11;1.81948E+11;1.8206E+11;1.87357E+11;1.99013E+11;2.07417E+11;2.06184E+11;2.05506E+11;2.08451E+11;2.17345E+11;2.23667E+11;2.27363E+11;2.35555E+11;2.47112E+11;2.63257E+11;2.813E+11;2.9706E+11;3.05028E+11;2.90379E+11;2.9698E+11;3.0226E+11;2.99843E+11;2.98392E+11;3.06494E+11;3.22767E+11;3.30676E+11;3.45069E+11;3.55276E+11;..;
Denmark;DNK;GDP, PPP (constant 2011 international $);NY.GDP.MKTP.PP.KD;..;..;..;..;..;..;..;..;..;..;..;..;..;..;..;..;..;..;..;..;1.7369E+11;1.76111E+11;1.79557E+11;1.79576E+11;1.89152E+11;1.94879E+11;2.00531E+11;2.0707E+11;2.11663E+11;2.17903E+11;2.26067E+11;2.27928E+11;2.28991E+11;2.29884E+11;2.36018E+11;2.41533E+11;2.50984E+11;2.53266E+11;2.51969E+11;2.39606E+11;2.44089E+11;2.47352E+11;2.47913E+11;2.50226E+11;2.54279E+11;2.60235E+11;2.68682E+11;2.74153E+11;2.80709E+11;..;
Djibouti;DJI;GDP, PPP (constant 2011 international $);NY.GDP.MKTP.PP.KD;..;..;..;..;..;..;..;..;..;..;..;..;..;..;..;..;..;..;..;..;..;..;..;..;..;..;..;..;..;..;..;..;..;..;..;..;..;..;..;..;..;2342710799;..;..;..;..;..;..;..;..;
Dominica;DMA;GDP, PPP (constant 2011 international $);NY.GDP.MKTP.PP.KD;..;..;..;..;..;..;..;..;..;..;..;..;..;..;..;..;..;..;..;..;468867731.7;475180904.6;484827009.6;495309614.9;495478025.2;510491847.2;526342230.7;537844385.7;558141811.2;560121988.3;573226083.8;572866084.8;556660399.1;592027214.1;610088157;614091757.4;642700815.4;683536479;732209347.5;723644276.3;728511093.5;726881582.9;719185462;711995181.7;743664352.6;723651534.8;742151649.5;691689582.7;707353379.1;..;
Dominican Republic;DOM;GDP, PPP (constant 2011 international $);NY.GDP.MKTP.PP.KD;..;..;..;..;..;..;..;..;..;..;..;..;..;..;..;..;..;..;..;..;39345276161;39716750215;44173340043;47426491431;48659748225;51426264507;54500436662;59342947102;63327516059;67089201629;70216740725;71943732956;75177678144;74166007479;76072173461;83244438226;90881578844;97621312846;1.00754E+11;1.01708E+11;1.1019E+11;1.13643E+11;1.16731E+11;1.22421E+11;1.31053E+11;1.40131E+11;1.49462E+11;1.56437E+11;1.67361E+11;..;
Ecuador;ECU;GDP, PPP (constant 2011 international $);NY.GDP.MKTP.PP.KD;..;..;..;..;..;..;..;..;..;..;..;..;..;..;..;..;..;..;..;..;76349832716;79626265458;81309812089;82914232001;86444927674;88392141832;89922870551;93814610781;96879092627;92287618677;93295216341;97041606944;1.01017E+11;1.03768E+11;1.12288E+11;1.1823E+11;1.23436E+11;1.26139E+11;1.34158E+11;1.34918E+11;1.39674E+11;1.50664E+11;1.59165E+11;1.67038E+11;1.73366E+11;1.73538E+11;1.7141E+11;1.75469E+11;1.77886E+11;..;
Egypt; Arab Rep.;EGY;GDP, PPP (constant 2011 international $);NY.GDP.MKTP.PP.KD;..;..;..;..;..;..;..;..;..;..;..;..;..;..;..;..;..;..;..;..;3.31074E+11;3.348E+11;3.49775E+11;3.59921E+11;3.74221E+11;3.91594E+11;4.1113E+11;4.33711E+11;4.57892E+11;4.8561E+11;5.16544E+11;5.34805E+11;5.47588E+11;5.65075E+11;5.88198E+11;6.14501E+11;6.56556E+11;7.03092E+11;7.53407E+11;7.88618E+11;8.2921E+11;8.43842E+11;8.62628E+11;8.81481E+11;9.07184E+11;9.46846E+11;9.88002E+11;1.02931E+12;1.08401E+12;..
El Salvador;SLV;GDP, PPP (constant 2011 international $);NY.GDP.MKTP.PP.KD;..;..;..;..;..;..;..;..;..;..;..;..;..;..;..;..;..;..;..;..;23778599017;24133936592;25827667429;27330640041;28612388123;29967173134;30212208859;31159343355;31986366524;32677437306;33045403893;33335317464;33862302919;34391310340;34697663336;35637091387;37184772981;37876625113;38850375074;38039909439;38840376864;40322935953;41458228949;42383635845;43108696919;44142862976;45249535140;46293241475;47468603636;..;
Equatorial Guinea;GNQ;GDP, PPP (constant 2011 international $);NY.GDP.MKTP.PP.KD;..;..;..;..;..;..;..;..;..;..;..;..;..;..;..;..;..;..;..;..;426634512.6;422273288.7;568993494.3;631771758.7;737080754.1;865968638.7;1442530534;3605936326;4463229020;5608672805;6630224129;10832451922;12940754061;14746668683;20350215037;23758611626;25589193076;29499762713;34750457672;35217280131;32074428109;34166939303;37007193181;35477612427;35624868041;32379427903;29524722442;28141287285;26416578341;..;
Eritrea;ERI;GDP, PPP (constant 2011 international $);NY.GDP.MKTP.PP.KD;..;..;..;..;..;..;..;..;..;..;..;..;..;..;..;..;..;..;..;..;..;..;3464715058;3930884241;4765073355;4901277213;5355078549;5778594838;5881025215;5881817992;5697012107;6195810310;6382021003;6212545425;6302735154;6464995890;6402336055;6493685998;5858406747;6085507975;6219035616;6758835465;..;..;..;..;..;..;..;..;
Estonia;EST;GDP, PPP (constant 2011 international $);NY.GDP.MKTP.PP.KD;..;..;..;..;..;..;..;..;..;..;..;..;..;..;..;..;..;..;..;..;..;..;..;15659421181;15402226991;16099436796;16894100432;19098195137;19925203475;19844818120;21850438666;23157008111;24732238313;26603650617;28404041146;31099668953;34122170904;36706441129;34838471552;29809932334;30616858213;32895237686;33918356735;34374961528;35401853629;36054977180;37003788387;39131062948;40994154866;..;
Eswatini;SWZ;GDP, PPP (constant 2011 international $);NY.GDP.MKTP.PP.KD;..;..;..;..;..;..;..;..;..;..;..;..;..;..;..;..;..;..;..;..;4632608089;4714159426;4866247962;5017399179;5137851431;5385786238;5592711034;5766241972;5916397184;6090982682;6198194569;6263570952;6537921560;6791606882;7037728896;7459906512;7906916550;8257618012;8325467877;8455765524;8776556526;8973785938;9457590487;9822868345;9912570432;10141795222;10270423254;10478395509;10724743617;..;
Ethiopia;ETH;GDP, PPP (constant 2011 international $);NY.GDP.MKTP.PP.KD;..;..;..;..;..;..;..;..;..;..;..;..;..;..;..;..;..;..;..;..;31350152721;29112541935;26587762515;30082148000;31041757867;32943845123;37037504567;38198225460;36877277677;38780936526;41136187142;44551028045;45225853919;44248360529;50254014898;56193419297;62281822907;69416932550;76905993371;83675684350;94177433201;1.04705E+11;1.1376E+11;1.25798E+11;1.38702E+11;1.53116E+11;1.6756E+11;1.83485E+11;1.95981E+11;..;
Faroe Islands;FRO;GDP, PPP (constant 2011 international $);NY.GDP.MKTP.PP.KD;..;..;..;..;..;..;..;..;..;..;..;..;..;..;..;..;..;..;..;..;..;..;..;..;..;..;..;..;..;..;..;..;..;..;..;..;..;..;..;..;..;..;..;..;..;..;..;..;..;..;
Fiji;FJI;GDP, PPP (constant 2011 international $);NY.GDP.MKTP.PP.KD;..;..;..;..;..;..;..;..;..;..;..;..;..;..;..;..;..;..;..;..;4292558917;4176659666;4431435985;4525827008;4756644168;4875560203;5109587113;4997176229;5062139543;5507607758;5413978513;5522258091;5698970301;5755959967;6061025828;6103453033;6216518516;6163637434;6227295125;6140982466;6322428382;6493459112;6585102235;6896855428;7283321749;7623001879;7814322875;8238307741;8528807721;..;
Finland;FIN;GDP, PPP (constant 2011 international $);NY.GDP.MKTP.PP.KD;..;..;..;..;..;..;..;..;..;..;..;..;..;..;..;..;..;..;..;..;1.43681E+11;1.35186E+11;1.30696E+11;1.29795E+11;1.34902E+11;1.40592E+11;1.45748E+11;1.5498E+11;1.63437E+11;1.70595E+11;1.80444E+11;1.85153E+11;1.88314E+11;1.92087E+11;1.99756E+11;2.05308E+11;2.13577E+11;2.24895E+11;2.26658E+11;2.08356E+11;2.14994E+11;2.20471E+11;2.1739E+11;2.15429E+11;2.14643E+11;2.15846E+11;2.21519E+11;2.28278E+11;2.32094E+11;..;
France;FRA;GDP, PPP (constant 2011 international $);NY.GDP.MKTP.PP.KD;..;..;..;..;..;..;..;..;..;..;..;..;..;..;..;..;..;..;..;..;1.71586E+12;1.73385E+12;1.76158E+12;1.7505E+12;1.79178E+12;1.82953E+12;1.85538E+12;1.89873E+12;1.96687E+12;2.03416E+12;2.11398E+12;2.15591E+12;2.18039E+12;2.19834E+12;2.26055E+12;2.29815E+12;2.35444E+12;2.41152E+12;2.41767E+12;2.34821E+12;2.39398E+12;2.44648E+12;2.45414E+12;2.46828E+12;2.49188E+12;2.51961E+12;2.54722E+12;2.60479E+12;2.64972E+12;..;
French Polynesia;PYF;GDP, PPP (constant 2011 international $);NY.GDP.MKTP.PP.KD;..;..;..;..;..;..;..;..;..;..;..;..;..;..;..;..;..;..;..;..;..;..;..;..;..;..;..;..;..;..;..;..;..;..;..;..;..;..;..;..;..;..;..;..;..;..;..;..;..;..;
Gabon;GAB;GDP, PPP (constant 2011 international $);NY.GDP.MKTP.PP.KD;..;..;..;..;..;..;..;..;..;..;..;..;..;..;..;..;..;..;..;..;18568819535;19703839276;19094961943;19848555120;20585483311;21609373912;22392724310;23677701100;24501172142;22312574852;21892436565;22359891188;22304207642;22805456794;22962710239;23577239055;22915525367;24292314886;23488620495;23519233477;25186720628;26972900730;28389268494;29990053893;31284114055;32497593366;33177261750;33336433734;33615061304;..;
Gambia; The;GMB;GDP, PPP (constant 2011 international $);NY.GDP.MKTP.PP.KD;..;..;..;..;..;..;..;..;..;..;..;..;..;..;..;..;..;..;..;..;2339762961;2412460315;2493969844;2569090737;2573056032;2595746479;2653464086;2783483802;2880905694;3065283638;3233874244;3421438958;3310242181;3537655812;3787060545;3697999130;3677453750;3789367843;4026427116;4294817647;4548569896;4178750958;4397783083;4524121223;4460449533;4641457867;4731658086;4959847561;5284570099;..
Georgia;GEO;GDP, PPP (constant 2011 international $);NY.GDP.MKTP.PP.KD;..;..;..;..;..;..;..;..;..;..;..;..;..;..;..;..;..;..;..;..;40061720979;31608697592;17416392434;12313389201;11032797492;11319649775;12587450845;13911529927;14343469470;14755020428;15026268131;15748348236;16610387228;18447283972;19516211181;21387732671;23402408110;26346185971;26983387502;25998355166;27623119197;29667230018;31565932739;32702306317;34141207795;35165444029;36185241906;37922133518;39742395926;..;
Germany;DEU;GDP, PPP (constant 2011 international $);NY.GDP.MKTP.PP.KD;..;..;..;..;..;..;..;..;..;..;..;..;..;..;..;..;..;..;..;..;2.49217E+12;2.61947E+12;2.66998E+12;2.64383E+12;2.70723E+12;2.74878E+12;2.77135E+12;2.82078E+12;2.87773E+12;2.93218E+12;3.01707E+12;3.06829E+12;3.0622E+12;3.04035E+12;3.07653E+12;3.09874E+12;3.21694E+12;3.31294E+12;3.34481E+12;3.15426E+12;3.28607E+12;3.41502E+12;3.42935E+12;3.44403E+12;3.52069E+12;3.58194E+12;3.66182E+12;3.75208E+12;3.80939E+12;..;
Ghana;GHA;GDP, PPP (constant 2011 international $);NY.GDP.MKTP.PP.KD;..;..;..;..;..;..;..;..;..;..;..;..;..;..;..;..;..;..;..;..;28080429987;29563589543;30710485074;32199943775;33262541858;34630436926;36224289310;37744389977;39518523827;41257337645;42783859154;44495213563;46497497985;48915367915;51654628513;54702253618;58203149986;60733135664;66290095488;69501510545;74991929637;85526138706;93473902662;1.00309E+11;1.03216E+11;1.05464E+11;1.091E+11;1.17985E+11;1.25374E+11;..;
Gibraltar;GIB;GDP, PPP (constant 2011 international $);NY.GDP.MKTP.PP.KD;..;..;..;..;..;..;..;..;..;..;..;..;..;..;..;..;..;..;..;..;..;..;..;..;..;..;..;..;..;..;..;..;..;..;..;..;..;..;..;..;..;..;..;..;..;..;..;..;..;..;
Greece;GRC;GDP, PPP (constant 2011 international $);NY.GDP.MKTP.PP.KD;..;..;..;..;..;..;..;..;..;..;..;..;..;..;..;..;..;..;..;..;2.10932E+11;2.17471E+11;2.18993E+11;2.1549E+11;2.19799E+11;2.24414E+11;2.30838E+11;2.41189E+11;2.50583E+11;2.58282E+11;2.68406E+11;2.79496E+11;2.9046E+11;3.07291E+11;3.22843E+11;3.24777E+11;3.43135E+11;3.54368E+11;3.53181E+11;3.37991E+11;3.19473E+11;2.90297E+11;2.69104E+11;2.60381E+11;2.62307E+11;2.61159E+11;2.6066E+11;2.64583E+11;2.69701E+11;..;
Greenland;GRL;GDP, PPP (constant 2011 international $);NY.GDP.MKTP.PP.KD;..;..;..;..;..;..;..;..;..;..;..;..;..;..;..;..;..;..;..;..;..;..;..;..;..;..;..;..;..;..;..;..;..;..;..;..;..;..;..;..;..;..;..;..;..;..;..;..;..;..;
Grenada;GRD;GDP, PPP (constant 2011 international $);NY.GDP.MKTP.PP.KD;..;..;..;..;..;..;..;..;..;..;..;..;..;..;..;..;..;..;..;..;697246662.1;706907334;700890501;687161348.7;698798811.2;713679558.3;745354332.2;782737538.5;874736618.5;935079120.8;980785340.7;960935225.8;993965678.4;1088034326;1080989844;1224470317;1175581134;1247567268;1259388500;1176101595;1170088626;1179039533;1165419931;1192823834;1280425729;1362925400;1413839033;1476882798;1538575371;..;
Guam;GUM;GDP, PPP (constant 2011 international $);NY.GDP.MKTP.PP.KD;..;..;..;..;..;..;..;..;..;..;..;..;..;..;..;..;..;..;..;..;..;..;..;..;..;..;..;..;..;..;..;..;..;..;..;..;..;..;..;..;..;..;..;..;..;..;..;..;..;..;
Guatemala;GTM;GDP, PPP (constant 2011 international $);NY.GDP.MKTP.PP.KD;..;..;..;..;..;..;..;..;..;..;..;..;..;..;..;..;..;..;..;..;47252611751;48981229828;51351107679;53367733457;55520449857;58267905694;59991342096;62609418217;65735836936;68264735444;70728320146;72378111158;75176702009;77079267655;79508869158;82100947426;86517795155;91971923396;94989595633;95489281735;98229334982;1.02318E+11;1.05356E+11;1.09252E+11;1.13812E+11;1.18524E+11;1.2219E+11;1.25562E+11;1.29511E+11;..;
Guinea;GIN;GDP, PPP (constant 2011 international $);NY.GDP.MKTP.PP.KD;..;..;..;..;..;..;..;..;..;..;..;..;..;..;..;..;..;..;..;..;8531041367;8753993565;9040332081;9496339498;9873353588;10328285455;10789089666;11348137509;11761677399;12210033016;12515657537;12973523652;13643555483;13813909089;14137170767;14560900307;14732739381;15738613395;16389091783;16205100978;16985111307;17938333959;18999438100;19749096161;20479129634;21262645239;23563395542;25990425479;27592437184;..;
Guinea-Bissau;GNB;GDP, PPP (constant 2011 international $);NY.GDP.MKTP.PP.KD;..;..;..;..;..;..;..;..;..;..;..;..;..;..;..;..;..;..;..;..;1593199037;1674452188;1692871162;1728421456;1783730943;1862215105;2078232057;2213317141;1591375473;1607695624;1694945062;1732045830;1714982104;1724731952;1772358734;1847969311;1890645538;1952336460;2014880872;2082761704;2178797241;2354948198;2314615401;2389977062;2413029843;2561047095;2721440497;2882527366;2992063406;..;
Guyana;GUY;GDP, PPP (constant 2011 international $);NY.GDP.MKTP.PP.KD;..;..;..;..;..;..;..;..;..;..;..;..;..;..;..;..;..;..;..;..;2137245863;2266717358;2442566701;2642249106;2867696981;3011983622;3251602507;3452573185;3394600874;3495086213;3447420091;3526004778;3565941259;3543396473;3598792236;3528581326;3709583763;3969983207;4048455763;4192263319;4365762834;4592610458;4834935996;5077539786;5275474636;5436633240;5619478966;5737488214;5972725320;..;
Haiti;HTI;GDP, PPP (constant 2011 international $);NY.GDP.MKTP.PP.KD;..;..;..;..;..;..;..;..;..;..;..;..;..;..;..;..;..;..;..;..;14511078873;14783966203;13998947515;13239323186;11657140750;12810930444;13341402035;13702248792;14001209985;14380677499;14505797915;14354303064;14318207104;14370296779;13864047283;14114294905;14431756652;14914250493;15040118501;15503842633;15019751514;15849403538;16307806355;17000503259;17472488255;17686409131;17943341392;18153867035;18423248599;..;
Honduras;HND;GDP, PPP (constant 2011 international $);NY.GDP.MKTP.PP.KD;..;..;..;..;..;..;..;..;..;..;..;..;..;..;..;..;..;..;..;..;15894730666;15367135532;16300487380;17359321106;17396106115;18472804104;18818388944;19683674098;20390363868;20240361935;21716145048;22307517649;23145017230;24197429971;25705487115;27260823119;29051107767;30848885361;32154286828;31372414225;32542963029;33791210423;35186343988;36168591807;37274656483;38706033101;40212848208;42138250216;43716574088;..;
Hong Kong SAR; China;HKG;GDP, PPP (constant 2011 international $);NY.GDP.MKTP.PP.KD;..;..;..;..;..;..;..;..;..;..;..;..;..;..;..;..;..;..;..;..;1.53875E+11;1.62649E+11;1.7279E+11;1.83505E+11;1.94582E+11;1.992E+11;2.07684E+11;2.18275E+11;2.05434E+11;2.10584E+11;2.26722E+11;2.27993E+11;2.3177E+11;2.38854E+11;2.59634E+11;2.78817E+11;2.98425E+11;3.17717E+11;3.24478E+11;3.16499E+11;3.37918E+11;3.54188E+11;3.6021E+11;3.71382E+11;3.81641E+11;3.90754E+11;3.99258E+11;4.14628E+11;4.27077E+11;..
Hungary;HUN;GDP, PPP (constant 2011 international $);NY.GDP.MKTP.PP.KD;..;..;..;..;..;..;..;..;..;..;..;..;..;..;..;..;..;..;..;..;..;1.57102E+11;1.52288E+11;1.51411E+11;1.55873E+11;1.58195E+11;1.58325E+11;1.63302E+11;1.69671E+11;1.74881E+11;1.82714E+11;1.90158E+11;1.99174E+11;2.0731E+11;2.17308E+11;2.2653E+11;2.35661E+11;2.36232E+11;2.38732E+11;2.22738E+11;2.24217E+11;2.28296E+11;2.24936E+11;2.29352E+11;2.38973E+11;2.48163E+11;2.53623E+11;2.64586E+11;2.78064E+11;..;
Iceland;ISL;GDP, PPP (constant 2011 international $);NY.GDP.MKTP.PP.KD;..;..;..;..;..;..;..;..;..;..;..;..;..;..;..;..;..;..;..;..;7661687536;7644561709;7386642289;7483662103;7753736836;7762776430;8117780909;8409123114;9005797499;9369906569;9828244310;10211428955;10280986431;10514173316;11359744719;12078817050;12712812429;13903408390;14180361616;13219328014;12765128021;13005319158;13173924809;13718515245;14003899761;14629574468;15705064022;16428090835;17185668306;..;
India;IND;GDP, PPP (constant 2011 international $);NY.GDP.MKTP.PP.KD;..;..;..;..;..;..;..;..;..;..;..;..;..;..;..;..;..;..;..;..;1.66422E+12;1.68181E+12;1.77402E+12;1.8583E+12;1.98204E+12;2.13217E+12;2.29314E+12;2.386E+12;2.53356E+12;2.75768E+12;2.8636E+12;3.00174E+12;3.11592E+12;3.36085E+12;3.62712E+12;3.91452E+12;4.23006E+12;4.55411E+12;4.69468E+12;5.06378E+12;5.49407E+12;5.78204E+12;6.09753E+12;6.48692E+12;6.96762E+12;7.52476E+12;8.1395E+12;8.72293E+12;9.31708E+12;..;
Indonesia;IDN;GDP, PPP (constant 2011 international $);NY.GDP.MKTP.PP.KD;..;..;..;..;..;..;..;..;..;..;..;..;..;..;..;..;..;..;..;..;8.39214E+11;8.9722E+11;9.55517E+11;1.01759E+12;1.09432E+12;1.18427E+12;1.27686E+12;1.33687E+12;1.16138E+12;1.17057E+12;1.22816E+12;1.27291E+12;1.33019E+12;1.39377E+12;1.46389E+12;1.54723E+12;1.63234E+12;1.73591E+12;1.8403E+12;1.92549E+12;2.04533E+12;2.17152E+12;2.30246E+12;2.43042E+12;2.5521E+12;2.67655E+12;2.81126E+12;2.95372E+12;3.10646E+12;..;
Iran; Islamic Rep.;IRN;GDP, PPP (constant 2011 international $);NY.GDP.MKTP.PP.KD;..;..;..;..;..;..;..;..;..;..;..;..;..;..;..;..;..;..;..;..;6.4056E+11;7.19883E+11;7.4029E+11;7.47989E+11;7.36683E+11;7.53499E+11;7.92479E+11;7.96299E+11;8.13641E+11;8.20602E+11;8.68673E+11;8.75437E+11;9.39042E+11;1.02106E+12;1.06573E+12;1.09972E+12;1.15471E+12;1.24888E+12;1.25202E+12;1.26463E+12;1.33795E+12;1.37335E+12;1.27111E+12;1.26864E+12;1.32705E+12;1.30952E+12;1.48495E+12;1.54071E+12;..;..
Iraq;IRQ;GDP, PPP (constant 2011 international $);NY.GDP.MKTP.PP.KD;..;..;..;..;..;..;..;..;..;..;..;..;..;..;..;..;..;..;..;..;2.01273E+11;72363527737;95948399092;1.25011E+11;1.2983E+11;1.32582E+11;1.47194E+11;1.78454E+11;2.40659E+11;2.82972E+11;2.86952E+11;2.93567E+11;2.7331E+11;1.82842E+11;2.81865E+11;2.94269E+11;3.24162E+11;3.28627E+11;3.55667E+11;3.67686E+11;3.91228E+11;4.20752E+11;4.79389E+11;5.15823E+11;5.19434E+11;5.32303E+11;6.1328E+11;5.97981E+11;5.94616E+11;..;
Ireland;IRL;GDP, PPP (constant 2011 international $);NY.GDP.MKTP.PP.KD;..;..;..;..;..;..;..;..;..;..;..;..;..;..;..;..;..;..;..;..;78745791626;80265301564;82948790776;85182277548;90085222009;98764412762;1.06087E+11;1.17654E+11;1.2788E+11;1.41312E+11;1.5466E+11;1.62824E+11;1.72463E+11;1.77671E+11;1.89613E+11;2.00421E+11;2.10584E+11;2.21796E+11;2.11859E+11;2.01098E+11;2.04738E+11;2.05441E+11;2.05905E+11;2.08688E+11;2.26545E+11;2.83549E+11;2.93978E+11;3.17923E+11;3.43897E+11;..;
Isle of Man;IMN;GDP, PPP (constant 2011 international $);NY.GDP.MKTP.PP.KD;..;..;..;..;..;..;..;..;..;..;..;..;..;..;..;..;..;..;..;..;..;..;..;..;..;..;..;..;..;..;..;..;..;..;..;..;..;..;..;..;..;..;..;..;..;..;..;..;..;..;
Israel;ISR;GDP, PPP (constant 2011 international $);NY.GDP.MKTP.PP.KD;..;..;..;..;..;..;..;..;..;..;..;..;..;..;..;..;..;..;..;..;97002186406;1.04497E+11;1.12605E+11;1.17241E+11;1.25949E+11;1.34265E+11;1.41023E+11;1.46564E+11;1.52305E+11;1.57049E+11;1.68757E+11;1.68958E+11;1.68932E+11;1.70572E+11;1.77712E+11;1.84663E+11;1.94939E+11;2.06194E+11;2.12372E+11;2.14335E+11;2.2634E+11;2.37167E+11;2.42521E+11;2.52581E+11;2.62073E+11;2.68075E+11;2.7875E+11;2.88608E+11;2.98576E+11;..;
Italy;ITA;GDP, PPP (constant 2011 international $);NY.GDP.MKTP.PP.KD;..;..;..;..;..;..;..;..;..;..;..;..;..;..;..;..;..;..;..;..;1.7706E+12;1.79784E+12;1.81284E+12;1.79738E+12;1.83604E+12;1.88904E+12;1.91297E+12;1.94798E+12;1.98325E+12;2.0155E+12;2.09182E+12;2.13264E+12;2.13806E+12;2.14102E+12;2.1715E+12;2.18926E+12;2.22846E+12;2.2616E+12;2.23984E+12;2.12156E+12;2.15791E+12;2.17317E+12;2.10839E+12;2.06957E+12;2.06948E+12;2.08559E+12;2.11227E+12;2.14852E+12;2.16516E+12;..;
Jamaica;JAM;GDP, PPP (constant 2011 international $);NY.GDP.MKTP.PP.KD;..;..;..;..;..;..;..;..;..;..;..;..;..;..;..;..;..;..;..;..;17668591816;18523440473;18885674224;20664157536;20950023384;21442339934;21417953302;21173690139;20679379006;20896031456;21079645626;21363152012;21789836313;22588720915;22887733483;23092303573;23761778399;24102036144;23906391071;22869654518;22534371821;22924301243;22783629469;22897903174;23056237161;23268972944;23589069947;23825754494;24288183356;..;
Japan;JPN;GDP, PPP (constant 2011 international $);NY.GDP.MKTP.PP.KD;..;..;..;..;..;..;..;..;..;..;..;..;..;..;..;..;..;..;..;..;3.77806E+12;3.90718E+12;3.94031E+12;3.9199E+12;3.95883E+12;4.06739E+12;4.19348E+12;4.2386E+12;4.19077E+12;4.18021E+12;4.29641E+12;4.31387E+12;4.31896E+12;4.38496E+12;4.48163E+12;4.55615E+12;4.62085E+12;4.69728E+12;4.64592E+12;4.39427E+12;4.57847E+12;4.57319E+12;4.64156E+12;4.7344E+12;4.75214E+12;4.81026E+12;4.83956E+12;4.9329E+12;4.9718E+12;..;
Jordan;JOR;GDP, PPP (constant 2011 international $);NY.GDP.MKTP.PP.KD;..;..;..;..;..;..;..;..;..;..;..;..;..;..;..;..;..;..;..;..;22685737059;23099501330;27410985234;28680364721;30110493899;31973232206;32640624589;33720341685;34729907802;35914015278;37438654077;39411153111;41690883787;43425662192;47146068207;50986861758;55113397465;59619314030;63931226314;67432471615;68991100649;70775751689;72652137715;74707297150;77020481863;78862577616;80442773601;82144727819;83738575569;..;
Kazakhstan;KAZ;GDP, PPP (constant 2011 international $);NY.GDP.MKTP.PP.KD;..;..;..;..;..;..;..;..;..;..;..;..;..;..;..;..;..;..;..;..;2.13349E+11;1.89881E+11;1.79817E+11;1.63274E+11;1.42702E+11;1.31E+11;1.31655E+11;1.33893E+11;1.31349E+11;1.34896E+11;1.48115E+11;1.68111E+11;1.84586E+11;2.01752E+11;2.2112E+11;2.42569E+11;2.68524E+11;2.92423E+11;3.02073E+11;3.05698E+11;3.28013E+11;3.52286E+11;3.69196E+11;3.91348E+11;4.07785E+11;4.12678E+11;4.17217E+11;4.34323E+11;4.52131E+11;..;
Kenya;KEN;GDP, PPP (constant 2011 international $);NY.GDP.MKTP.PP.KD;..;..;..;..;..;..;..;..;..;..;..;..;..;..;..;..;..;..;..;..;55707556395;56508824245;56057039608;56255031534;57736105295;60280083108;62779801265;63077943747;65153342908;66655380645;67055109891;69589730346;69970288418;72022150016;75698376458;80169626784;85358601307;91206288418;91418144889;94441287921;1.0238E+11;1.08633E+11;1.13591E+11;1.20268E+11;1.26711E+11;1.33957E+11;1.41832E+11;1.48729E+11;1.58128E+11;..;
Kiribati;KIR;GDP, PPP (constant 2011 international $);NY.GDP.MKTP.PP.KD;..;..;..;..;..;..;..;..;..;..;..;..;..;..;..;..;..;..;..;..;140739711.4;140739711.4;141974270.3;143208829.2;145677946.9;145677946.9;148147064.7;150616182.4;160492653.4;158023535.6;167900006.6;165430888.9;171696522.1;175141311.7;172287628.9;180818677.6;180729542.4;184407293.3;180550531.4;181999903.5;180318434.3;183193721.9;191828226.7;199913352.7;198518301.2;219174940.3;230418067.9;231174852.5;235800744.6;..;
Korea; Dem. People’s Rep.;PRK;GDP, PPP (constant 2011 international $);NY.GDP.MKTP.PP.KD;..;..;..;..;..;..;..;..;..;..;..;..;..;..;..;..;..;..;..;..;..;..;..;..;..;..;..;..;..;..;..;..;..;..;..;..;..;..;..;..;..;..;..;..;..;..;..;..;..;..
Korea; Rep.;KOR;GDP, PPP (constant 2011 international $);NY.GDP.MKTP.PP.KD;..;..;..;..;..;..;..;..;..;..;..;..;..;..;..;..;..;..;..;..;4.98681E+11;5.50314E+11;5.84299E+11;6.24305E+11;6.81779E+11;7.47029E+11;8.03762E+11;8.51363E+11;8.04783E+11;8.95793E+11;9.75737E+11;1.01989E+12;1.09569E+12;1.12783E+12;1.1831E+12;1.22952E+12;1.29316E+12;1.36381E+12;1.40239E+12;1.41232E+12;1.50407E+12;1.55945E+12;1.5952E+12;1.6414E+12;1.69624E+12;1.74357E+12;1.79465E+12;1.84961E+12;1.89896E+12;..
Kosovo;XKX;GDP, PPP (constant 2011 international $);NY.GDP.MKTP.PP.KD;..;..;..;..;..;..;..;..;..;..;..;..;..;..;..;..;..;..;..;..;..;..;..;..;..;..;..;..;..;..;7879054462;10004344139;9934218859;10528299611;10803312142;11455100784;11970927610;12843139330;13182534599;13656728950;14108579992;14726113711;15139862384;15660896070;15852397911;16501598139;17173261362;17899018395;18581564087;..;
Kuwait;KWT;GDP, PPP (constant 2011 international $);NY.GDP.MKTP.PP.KD;..;..;..;..;..;..;..;..;..;..;..;..;..;..;..;..;..;..;..;..;..;..;86072659719;1.15329E+11;1.25059E+11;1.31134E+11;1.31928E+11;1.35191E+11;1.40142E+11;1.37634E+11;1.44096E+11;1.44403E+11;1.48756E+11;1.74529E+11;1.92402E+11;2.12814E+11;2.28806E+11;2.42515E+11;2.48529E+11;2.30943E+11;2.25468E+11;2.47177E+11;2.63556E+11;2.66585E+11;2.67921E+11;2.69509E+11;2.77395E+11;2.64323E+11;2.67617E+11;..;
Kyrgyz Republic;KGZ;GDP, PPP (constant 2011 international $);NY.GDP.MKTP.PP.KD;..;..;..;..;..;..;..;..;..;..;..;..;..;..;..;..;..;..;..;..;15257961984;14060049358;12107290038;10235584762;8179751332;7736096175;8284160096;9105548496;9298753247;9638696099;10161756700;10702523148;10700665921;11452954424;12257737465;12236219224;12615896710;13693656983;14844145454;15272591237;15200570760;16105958461;16073746544;17825784918;18538816315;19261830151;20090088847;21034323023;21770524329;..;
Lao PDR;LAO;GDP, PPP (constant 2011 international $);NY.GDP.MKTP.PP.KD;..;..;..;..;..;..;..;..;..;..;..;..;..;..;..;..;..;..;..;..;7273615928;7586131465;8007909585;8481381768;9173379278;9818382905;10498632258;11220107849;11665277756;12517586819;13243454431;14005140175;14834068524;15734051803;16734374903;17923782041;19468680530;20947682859;22586818674;24281230971;26351668594;28469987708;30755016946;33223506940;35752468142;38351696117;41045072936;43874117260;46615354560;..;
Latvia;LVA;GDP, PPP (constant 2011 international $);NY.GDP.MKTP.PP.KD;..;..;..;..;..;..;..;..;..;..;..;..;..;..;..;..;..;..;..;..;..;..;..;..;20959702004;20582681308;21106727878;22993510733;24457085374;25148681257;26555799817;28233877252;30242990660;32794405439;35529904581;39347017954;44024629492;48431869754;46811161608;40146119734;38350206674;40760562653;42445698735;43433836411;44265677067;45708970260;46519760352;48281609636;50512595125;..;
Lebanon;LBN;GDP, PPP (constant 2011 international $);NY.GDP.MKTP.PP.KD;..;..;..;..;..;..;..;..;..;..;..;..;..;..;..;..;..;..;..;..;15650910226;23389875151;27234783689;30166790570;32611881943;34714977390;38632887423;39040451508;40471566624;40258854289;40799076429;42365626032;43815864887;45229845904;48076510840;49397842805;50238314494;54931040048;60011525284;66045370511;71353601626;72008412770;73967150738;75904469413;77334726447;77655689354;78902470550;79338008066;79496676654;..;
Lesotho;LSO;GDP, PPP (constant 2011 international $);NY.GDP.MKTP.PP.KD;..;..;..;..;..;..;..;..;..;..;..;..;..;..;..;..;..;..;..;..;2213475236;2367679360;2532383777;2621264534;2778012827;2869435522;3030038854;3142259482;3190576613;3205764558;3330005464;3448606346;3473568599;3631955574;3693421854;3821440379;3983090932;4175592272;4457007716;4553025405;4845768530;5167044576;5471895975;5589854803;5747337195;5903519700;6093527631;5954763361;6022301583;..;
Liberia;LBR;GDP, PPP (constant 2011 international $);NY.GDP.MKTP.PP.KD;..;..;..;..;..;..;..;..;..;..;..;..;..;..;..;..;..;..;..;..;..;..;..;..;..;..;..;..;..;..;3753898421;3863522502;4008907560;2800417061;2873783722;3025554335;3268927089;3580628436;3836489008;4039843619;4286267115;4637773844;5008508938;5444450961;5482624398;5482624398;5394925211;5528105742;5595689672;..;
Libya;LBY;GDP, PPP (constant 2011 international $);NY.GDP.MKTP.PP.KD;..;..;..;..;..;..;..;..;..;..;..;..;..;..;..;..;..;..;..;..;..;..;..;..;..;..;..;..;..;1.1324E+11;1.17406E+11;1.15337E+11;1.14231E+11;1.29099E+11;1.34859E+11;1.50868E+11;1.60675E+11;1.70881E+11;1.75439E+11;1.74053E+11;1.82793E+11;69322560014;1.54686E+11;1.33649E+11;1.01573E+11;92571605611;89983795176;1.13988E+11;1.23049E+11;..;
Liechtenstein;LIE;GDP, PPP (constant 2011 international $);NY.GDP.MKTP.PP.KD;..;..;..;..;..;..;..;..;..;..;..;..;..;..;..;..;..;..;..;..;..;..;..;..;..;..;..;..;..;..;..;..;..;..;..;..;..;..;..;..;..;..;..;..;..;..;..;..;..;..;
Lithuania;LTU;GDP, PPP (constant 2011 international $);NY.GDP.MKTP.PP.KD;..;..;..;..;..;..;..;..;..;..;..;..;..;..;..;..;..;..;..;..;..;..;..;..;..;33971897191;35721435925;38683896362;41572490803;41100791552;42675637141;45459979506;48533414852;53648140301;57162138051;61579289624;66140125356;73473050813;75403979868;64233511263;65185601205;69113449621;71762777396;74316401743;76923399726;78487366345;80493455997;83912477323;86970882821;..;
Luxembourg;LUX;GDP, PPP (constant 2011 international $);NY.GDP.MKTP.PP.KD;..;..;..;..;..;..;..;..;..;..;..;..;..;..;..;..;..;..;..;..;22001441135;23903287636;24338244483;25360608472;26329617323;26706710150;27077513720;28623563134;30353757790;32928060797;35641266868;36543694884;37939470222;38557613061;39950382203;41217785219;43352242400;46974128588;46373054411;44351835238;46509538048;47690524462;47522406193;49259050871;51375607045;53588062903;56039502581;57048875848;58823572967;..;
Macao SAR; China;MAC;GDP, PPP (constant 2011 international $);NY.GDP.MKTP.PP.KD;..;..;..;..;..;..;..;..;..;..;..;..;..;..;..;..;..;..;..;..;13883190154;14391161035;16305024590;17150726588;17880025329;18469478490;18392037990;18340626551;17502361428;17089453207;18071605690;18593641965;20257238516;22617799571;28669313908;30979918564;35104635651;40176422573;41539957395;42088831087;52721945295;64148218365;70073790845;77922118794;76986204272;60361394067;59927791934;65853202742;69437291367;..
Madagascar;MDG;GDP, PPP (constant 2011 international $);NY.GDP.MKTP.PP.KD;..;..;..;..;..;..;..;..;..;..;..;..;..;..;..;..;..;..;..;..;22362306896;20951349451;21199864362;21644332200;21628833071;21999164801;22471908163;23301906430;24218215788;25346570482;26553083738;28151001691;24583203378;26988643311;28407437263;29715003183;31207471013;33154997724;35380570891;33972881070;34183254652;34722812391;35768367701;36591174731;37813028376;38997445135;40554670081;42149809999;44073861287;..;
Malawi;MWI;GDP, PPP (constant 2011 international $);NY.GDP.MKTP.PP.KD;..;..;..;..;..;..;..;..;..;..;..;..;..;..;..;..;..;..;..;..;7023399391;7636558440;7076571279;7762421264;6967535219;8133121477;8728196072;9059205847;9412084892;9698426688;9851281442;9361183752;9520323877;10063519231;10609012058;10955791576;11470713779;12571902302;13532362545;14659352621;15667046142;16427533196;16737323536;17607664359;18611301228;19132417662;19607674690;20391987661;21105707229;..;
Malaysia;MYS;GDP, PPP (constant 2011 international $);NY.GDP.MKTP.PP.KD;..;..;..;..;..;..;..;..;..;..;..;..;..;..;..;..;..;..;..;..;1.90334E+11;2.08503E+11;2.27028E+11;2.49493E+11;2.72476E+11;2.99258E+11;3.29192E+11;3.53297E+11;3.27297E+11;3.47385E+11;3.78159E+11;3.80117E+11;4.00609E+11;4.23798E+11;4.52546E+11;4.76677E+11;5.03299E+11;5.35E+11;5.6085E+11;5.52362E+11;5.93374E+11;6.24786E+11;6.58984E+11;6.89915E+11;7.31356E+11;7.68593E+11;8.02793E+11;8.48888E+11;8.89139E+11;..;
Maldives;MDV;GDP, PPP (constant 2011 international $);NY.GDP.MKTP.PP.KD;..;..;..;..;..;..;..;..;..;..;..;..;..;..;..;..;..;..;..;..;..;..;..;..;..;1976478924;2131803424;2310831014;2484020474;2637425029;2738855395;2630844953;2822064927;3210100260;3403789815;2956904431;3728996340;4016646168;4397638419;4079740109;4376138494;4751030618;4870632299;5225266640;5608259153;5770032110;6135754092;6553210309;7004648987;..;
Mali;MLI;GDP, PPP (constant 2011 international $);NY.GDP.MKTP.PP.KD;..;..;..;..;..;..;..;..;..;..;..;..;..;..;..;..;..;..;..;..;10765975955;12030461772;11643241811;12012585023;12466652814;12581473479;13469195248;14119625965;15188717115;16054617320;16044850498;18511945131;19086983210;20827533225;21152442464;22534704376;23585314406;24409294915;25574443983;26771089019;28220329132;29134739169;28891120638;29556652104;31638432393;33524899739;35469343922;37384688530;39216536678;..;
Malta;MLT;GDP, PPP (constant 2011 international $);NY.GDP.MKTP.PP.KD;..;..;..;..;..;..;..;..;..;..;..;..;..;..;..;..;..;..;..;..;5723570440;6081665171;6366951975;6652239135;7028164136;7473924967;7756240207;8163984215;8582437490;8987526384;9595999348;9654376969;9942349499;10195259861;10240466921;10627930579;10822285340;11253710194;11630317038;11343946332;11745826415;11899362308;12231497958;12795477543;13909492152;15414246052;16289112238;17384445245;18561776917;..;
Marshall Islands;MHL;GDP, PPP (constant 2011 international $);NY.GDP.MKTP.PP.KD;..;..;..;..;..;..;..;..;..;..;..;..;..;..;..;..;..;..;..;..;145580117.2;145708065.8;156112788.6;165489306.4;175216297.7;189607211.2;170072106.7;159109818.4;157806129.5;155825424.7;157935421.8;168716205.9;175028664.4;172200433.7;173835094.4;177806859.7;178994893;183951474;171529057;174005604.4;187152407;185737266.3;181334663.4;188076011.3;186308162.1;189272862.3;191746026.2;199524481;206756750.2;..;
Mauritania;MRT;GDP, PPP (constant 2011 international $);NY.GDP.MKTP.PP.KD;..;..;..;..;..;..;..;..;..;..;..;..;..;..;..;..;..;..;..;..;5698062615;5799948945;5908647281;6255699800;6064229583;6659724825;7047242667;6762203086;6950043887;7486088638;7453868044;7603601116;7654165380;8111750778;8577967446;9347361577;11111124529;11424217866;11547595675;11427260302;11972763095;12535969842;13262439097;14070155943;14855253614;14919812191;15194878959;15661856881;16218522812;..;
Mauritius;MUS;GDP, PPP (constant 2011 international $);NY.GDP.MKTP.PP.KD;..;..;..;..;..;..;..;..;..;..;..;..;..;..;..;..;..;..;..;..;8026335290;8382339079;8928255558;9381995124;9770047849;10188961764;10758305042;11370181215;12060571815;12375465182;13390598823;13838854570;14062340813;14895597152;15540579469;15816819957;16586394385;17536299869;18480973779;19093632288;19929399379;20742028226;21467194079;22188578979;23019447132;23837344600;24752205826;25696292608;26666024159;..;
Mexico;MEX;GDP, PPP (constant 2011 international $);NY.GDP.MKTP.PP.KD;..;..;..;..;..;..;..;..;..;..;..;..;..;..;..;..;..;..;..;..;1.13992E+12;1.18796E+12;1.23003E+12;1.2539E+12;1.31586E+12;1.23308E+12;1.3166E+12;1.40674E+12;1.47938E+12;1.52012E+12;1.59525E+12;1.5888E+12;1.58817E+12;1.61114E+12;1.6743E+12;1.71294E+12;1.78994E+12;1.83096E+12;1.8519E+12;1.75401E+12;1.84378E+12;1.91132E+12;1.98094E+12;2.00776E+12;2.06406E+12;2.13193E+12;2.19398E+12;2.24045E+12;2.28831E+12;..;
Micronesia; Fed. Sts.;FSM;GDP, PPP (constant 2011 international $);NY.GDP.MKTP.PP.KD;..;..;..;..;..;..;..;..;..;..;..;..;..;..;..;..;..;..;..;..;262790035.6;282308348.3;293623312.1;317526173.3;315828928.7;337982639.7;327226796.9;307393820.9;316156052;320501482;335994120.1;343277192.3;345154961.7;350581121.5;339782736.3;346720561.8;346439615.3;340078377.3;331887502.5;335515464.6;343096012.6;354035818.7;347426711.6;334642150.2;326926043;342036232.2;345115198.5;354371805.4;355121863.1;..
Moldova;MDA;GDP, PPP (constant 2011 international $);NY.GDP.MKTP.PP.KD;..;..;..;..;..;..;..;..;..;..;..;..;..;..;..;..;..;..;..;..;..;..;..;..;..;11591520906;10910280244;11089979597;10364451836;10015350718;10226445872;10850259113;11696579285;12468553522;13391226444;14395568446;15086555710;15539152417;16751206328;15746133900;16864109420;17845291369;17740051594;19344438005;20311587476;20242886518;21135372458;22126789121;22879099951;..;
Monaco;MCO;GDP, PPP (constant 2011 international $);NY.GDP.MKTP.PP.KD;..;..;..;..;..;..;..;..;..;..;..;..;..;..;..;..;..;..;..;..;..;..;..;..;..;..;..;..;..;..;..;..;..;..;..;..;..;..;..;..;..;..;..;..;..;..;..;..;..;..;
Mongolia;MNG;GDP, PPP (constant 2011 international $);NY.GDP.MKTP.PP.KD;..;..;..;..;..;..;..;..;..;..;..;..;..;..;..;..;..;..;..;..;11188351797;10215687429;9270075826;8976326446;9167915605;9752501040;9970478591;10358999584;10704983603;11033666102;11160118771;11489644775;12033447188;12876346190;14244510245;15277759362;16584960327;18284589774;19911985542;19659382304;20910733774;24526362242;27547965886;30757005344;33182264566;33971947980;34368873997;36203153840;38819139033;..;
Montenegro;MNE;GDP, PPP (constant 2011 international $);NY.GDP.MKTP.PP.KD;..;..;..;..;..;..;..;..;..;..;..;..;..;..;..;..;..;..;..;..;..;..;..;..;..;..;..;6418830400;6733353521;6100418195;6289531171;6358706121;6479771684;6640642342;6934560689;7224467039;7843345193;8377484827;8982572963;8462024518;8693405170;8974067443;8729634607;9039450554;9200685610;9512627576;9793187181;10255079423;10775818020;..;
Morocco;MAR;GDP, PPP (constant 2011 international $);NY.GDP.MKTP.PP.KD;..;..;..;..;..;..;..;..;..;..;..;..;..;..;..;..;..;..;..;..;98177236991;1.05262E+11;1.03054E+11;1.0229E+11;1.13121E+11;1.07006E+11;1.20246E+11;1.18369E+11;1.26938E+11;1.2831E+11;1.30765E+11;1.40337E+11;1.44717E+11;1.53344E+11;1.607E+11;1.65989E+11;1.78563E+11;1.84869E+11;1.95819E+11;2.04129E+11;2.11918E+11;2.23035E+11;2.29748E+11;2.40168E+11;2.46579E+11;2.57765E+11;2.60497E+11;2.71529E+11;2.79648E+11;..;
Mozambique;MOZ;GDP, PPP (constant 2011 international $);NY.GDP.MKTP.PP.KD;..;..;..;..;..;..;..;..;..;..;..;..;..;..;..;..;..;..;..;..;6148207727;6449469853;6055907236;6697173158;7134922954;7295765577;8113236596;9030051158;9926442395;11087989286;11219772320;12576206521;13744596278;14696608875;15862013344;16914912981;18556015899;19990689547;21447837359;22802009823;24281438342;26079156559;27972096295;29919963189;32133595494;34294026701;35605503781;36937618758;38203904475;..;
Myanmar;MMR;GDP, PPP (constant 2011 international $);NY.GDP.MKTP.PP.KD;..;..;..;..;..;..;..;..;..;..;..;..;..;..;..;..;..;..;..;..;30184121260;29987738264;32884836400;34870886573;37478516950;40082543585;42664947773;45076192692;47720458237;52943524419;60221104519;67052584851;75116002450;85515059494;97114887945;1.10292E+11;1.24714E+11;1.39669E+11;1.53993E+11;1.70239E+11;1.86641E+11;1.97077E+11;2.11528E+11;2.29351E+11;2.47678E+11;2.64998E+11;2.80533E+11;2.99494E+11;3.18062E+11;..;
Namibia;NAM;GDP, PPP (constant 2011 international $);NY.GDP.MKTP.PP.KD;..;..;..;..;..;..;..;..;..;..;..;..;..;..;..;..;..;..;..;..;8186468611;8854943911;9491556165;9341633300;9503232327;9873764685;10188868536;10618849023;10968377525;11337932698;11733874105;11872093116;12440607441;12968063616;14559186405;14927426480;15983269512;16842217484;17288504578;17339673521;18386859675;19322996885;20301065543;21440913469;22802771245;24190633667;24462335328;24250032333;24117546635;..;
Nauru;NRU;GDP, PPP (constant 2011 international $);NY.GDP.MKTP.PP.KD;..;..;..;..;..;..;..;..;..;..;..;..;..;..;..;..;..;..;..;..;..;..;..;..;..;..;..;..;..;..;..;..;..;..;..;..;..;39848315.16;53563822.57;58202288.05;66089179.28;73811384.02;81256407.31;109058272.9;148890823.4;153071962.5;168991452.7;176012515.4;186045228.8;..;
Nepal;NPL;GDP, PPP (constant 2011 international $);NY.GDP.MKTP.PP.KD;..;..;..;..;..;..;..;..;..;..;..;..;..;..;..;..;..;..;..;..;22460809734;23891147880;24872215556;25829758552;27951932215;28921431534;30462447594;32000378542;32965634594;34420267375;36554323948;38308892073;38354917592;39868033577;41734895411;43186927982;44640001747;46162922314;48981002139;51201349524;53667418823;55503825717;58157570335;60558825273;64185684030;66318513616;66708916446;72194723849;77001111174;..;
Netherlands;NLD;GDP, PPP (constant 2011 international $);NY.GDP.MKTP.PP.KD;..;..;..;..;..;..;..;..;..;..;..;..;..;..;..;..;..;..;..;..;4.83011E+11;4.94793E+11;5.03234E+11;5.09563E+11;5.24651E+11;5.41E+11;5.59928E+11;5.84167E+11;6.11412E+11;6.42191E+11;6.69135E+11;6.84706E+11;6.86193E+11;6.87261E+11;7.00903E+11;7.15278E+11;7.40033E+11;7.67954E+11;7.84621E+11;7.5585E+11;7.65999E+11;7.77881E+11;7.69866E+11;7.68864E+11;7.79808E+11;7.95086E+11;8.12512E+11;8.36163E+11;8.57882E+11;..;
New Caledonia;NCL;GDP, PPP (constant 2011 international $);NY.GDP.MKTP.PP.KD;..;..;..;..;..;..;..;..;..;..;..;..;..;..;..;..;..;..;..;..;..;..;..;..;..;..;..;..;..;..;..;..;..;..;..;..;..;..;..;..;..;..;..;..;..;..;..;..;..;..;
New Zealand;NZL;GDP, PPP (constant 2011 international $);NY.GDP.MKTP.PP.KD;..;..;..;..;..;..;..;..;..;..;..;..;..;..;..;..;..;..;..;..;80040957828;79167871597;80034558967;85150076139;89508397223;93735186553;97129415752;99114478126;99899402529;1.0535E+11;1.08408E+11;1.1217E+11;1.17419E+11;1.22777E+11;1.2773E+11;1.31973E+11;1.35726E+11;1.39815E+11;1.38405E+11;1.38109E+11;1.40235E+11;1.43508E+11;1.46703E+11;1.50481E+11;1.56072E+11;1.61667E+11;1.67561E+11;1.72803E+11;1.77596E+11;..;
Nicaragua;NIC;GDP, PPP (constant 2011 international $);NY.GDP.MKTP.PP.KD;..;..;..;..;..;..;..;..;..;..;..;..;..;..;..;..;..;..;..;..;12406771305;12383287583;12431129996;12382283609;12795570318;13552032652;14411809969;14983476156;15539615063;16632977805;17315194385;17827870202;17962281450;18415062588;19393302115;20223800557;21063558117;22132705886;22893091153;22139263988;23115712107;24575864515;26172496329;27461960854;28775885326;30155036319;31531174130;33005506216;31745996261;..;
Niger;NER;GDP, PPP (constant 2011 international $);NY.GDP.MKTP.PP.KD;..;..;..;..;..;..;..;..;..;..;..;..;..;..;..;..;..;..;..;..;7167847283;7347344750;6868559100;6968114597;7247157045;7436000264;7690244036;7902030713;8725601099;8675973515;8553684858;9161367765;9436128364;9936243167;9946179410;10393757484;10996595418;11342611034;12430106068;12341519507;13373791292;13679116082;15300066604;16106137592;17318775628;18069903460;18960014424;19887810727;21177150763;..;
Nigeria;NGA;GDP, PPP (constant 2011 international $);NY.GDP.MKTP.PP.KD;..;..;..;..;..;..;..;..;..;..;..;..;..;..;..;..;..;..;..;..;3.19991E+11;3.21138E+11;3.3601E+11;3.29172E+11;3.23198E+11;3.22963E+11;3.36514E+11;3.46398E+11;3.55339E+11;3.57415E+11;3.75343E+11;3.97554E+11;4.58496E+11;4.92182E+11;5.37712E+11;5.72333E+11;6.07013E+11;6.47022E+11;6.90789E+11;7.46308E+11;8.06054E+11;8.48839E+11;8.84746E+11;9.4377E+11;1.00332E+12;1.02993E+12;1.01328E+12;1.02145E+12;1.04124E+12;..;
North Macedonia;MKD;GDP, PPP (constant 2011 international $);NY.GDP.MKTP.PP.KD;..;..;..;..;..;..;..;..;..;..;..;..;..;..;..;..;..;..;..;..;19229912854;18043279613;16858702459;15599480231;15325215446;15154381025;15333976184;15554782579;16080337563;16778067898;17541324989;17003287536;17257259771;17640819912;18465430331;19337687973;20331069870;21647199006;22831734036;22749856046;23513967031;24064167064;23954453065;24655055318;25549945390;26535051717;27290887132;27356527450;28085467262;..;
Northern Mariana Islands;MNP;GDP, PPP (constant 2011 international $);NY.GDP.MKTP.PP.KD;..;..;..;..;..;..;..;..;..;..;..;..;..;..;..;..;..;..;..;..;..;..;..;..;..;..;..;..;..;..;..;..;..;..;..;..;..;..;..;..;..;..;..;..;..;..;..;..;..;..;
Norway;NOR;GDP, PPP (constant 2011 international $);NY.GDP.MKTP.PP.KD;..;..;..;..;..;..;..;..;..;..;..;..;..;..;..;..;..;..;..;..;1.81409E+11;1.87005E+11;1.93689E+11;1.992E+11;2.0927E+11;2.17967E+11;2.28926E+11;2.41024E+11;2.47349E+11;2.52328E+11;2.60415E+11;2.65818E+11;2.69662E+11;2.72117E+11;2.82918E+11;2.90346E+11;2.97314E+11;3.06216E+11;3.07675E+11;3.02361E+11;3.04483E+11;3.07472E+11;3.15783E+11;3.19048E+11;3.25332E+11;3.31732E+11;3.35286E+11;3.43076E+11;3.475E+11;..;
Oman;OMN;GDP, PPP (constant 2011 international $);NY.GDP.MKTP.PP.KD;..;..;..;..;..;..;..;..;..;..;..;..;..;..;..;..;..;..;..;..;63501952981;67359111460;73026628714;77439598877;80440982955;84460473808;87033089169;92284241315;94722702867;94604482404;99714423106;1.04184E+11;1.03037E+11;1.00287E+11;1.01583E+11;1.04113E+11;1.09706E+11;1.14591E+11;1.23987E+11;1.31566E+11;1.37887E+11;1.36358E+11;1.49084E+11;1.55603E+11;1.59884E+11;1.67464E+11;1.75804E+11;1.76273E+11;1.79383E+11;..;
Pakistan;PAK;GDP, PPP (constant 2011 international $);NY.GDP.MKTP.PP.KD;..;..;..;..;..;..;..;..;..;..;..;..;..;..;..;..;..;..;..;..;3.28953E+11;3.45603E+11;3.72235E+11;3.78778E+11;3.92935E+11;4.12434E+11;4.32423E+11;4.3681E+11;4.4795E+11;4.64345E+11;4.84127E+11;4.93724E+11;5.09644E+11;5.34343E+11;5.73717E+11;6.17705E+11;6.55864E+11;6.87561E+11;6.99259E+11;7.1906E+11;7.30613E+11;7.50693E+11;7.7702E+11;8.11181E+11;8.49102E+11;8.89274E+11;9.38422E+11;9.90544E+11;1.0483E+12;..;
Palau;PLW;GDP, PPP (constant 2011 international $);NY.GDP.MKTP.PP.KD;..;..;..;..;..;..;..;..;..;..;..;..;..;..;..;..;..;..;..;..;..;..;..;..;..;..;..;..;..;..;237443280;252654988.2;261387270.2;253974121.1;266608546.2;277427917.4;273280465.3;276950556.4;261483463.6;245117964.9;245826317.4;257787282.6;262533955;258821229.1;270140551.5;297357556.7;299726544.5;289182390.3;294114449.8;..;
Panama;PAN;GDP, PPP (constant 2011 international $);NY.GDP.MKTP.PP.KD;..;..;..;..;..;..;..;..;..;..;..;..;..;..;..;..;..;..;..;..;19409839059;21238052879;22979930086;24233656342;24924351127;25360945691;26395597005;28101014004;30164050145;31345638304;32196789666;32381687068;33103523256;34495690585;37090483909;39757764239;43197791117;48374608095;53142242505;53802796497;56938337065;63380187782;69578075466;74381239662;78149946078;82630097765;86733855833;91349163950;94708085159;..;
Papua New Guinea;PNG;GDP, PPP (constant 2011 international $);NY.GDP.MKTP.PP.KD;..;..;..;..;..;..;..;..;..;..;..;..;..;..;..;..;..;..;..;..;10237432174;11214789352;12767935092;15091991148;15988773721;15459153781;16654717707;16004452632;15401226692;15687004769;15295638787;15277086920;15252811547;15582898024;16006936065;17022543491;17943453554;19345768425;19288416406;20600109980;22686582664;22937846458;24006089409;24924309430;28300000728;30983845041;32247296106;33388153518;33114112156;..;
Paraguay;PRY;GDP, PPP (constant 2011 international $);NY.GDP.MKTP.PP.KD;..;..;..;..;..;..;..;..;..;..;..;..;..;..;..;..;..;..;..;..;33504282227;34674804635;35263037734;37003748017;38971576868;41630533630;42285708779;44079686783;44109677612;43507104255;42500288706;42145813043;42136791987;43957415524;45740951774;46716830710;48962563511;51617129053;54899524639;54757899549;60859975201;63445983129;63104318298;68416121315;71741753968;73951668310;77141133488;80965830553;83942639089;..;
Peru;PER;GDP, PPP (constant 2011 international $);NY.GDP.MKTP.PP.KD;..;..;..;..;..;..;..;..;..;..;..;..;..;..;..;..;..;..;..;..;1.15958E+11;1.18532E+11;1.17891E+11;1.24073E+11;1.39344E+11;1.49671E+11;1.5386E+11;1.63826E+11;1.63184E+11;1.65624E+11;1.70086E+11;1.71137E+11;1.8047E+11;1.87987E+11;1.97308E+11;2.09709E+11;2.25497E+11;2.44706E+11;2.67039E+11;2.69966E+11;2.9246E+11;3.10965E+11;3.30057E+11;3.49374E+11;3.57697E+11;3.6933E+11;3.83931E+11;3.93601E+11;4.09254E+11;..;
Philippines;PHL;GDP, PPP (constant 2011 international $);NY.GDP.MKTP.PP.KD;..;..;..;..;..;..;..;..;..;..;..;..;..;..;..;..;..;..;..;..;2.48421E+11;2.46985E+11;2.47819E+11;2.53063E+11;2.64167E+11;2.76526E+11;2.92692E+11;3.07869E+11;3.06093E+11;3.15527E+11;3.29445E+11;3.38979E+11;3.51338E+11;3.68801E+11;3.93502E+11;4.12302E+11;4.33919E+11;4.6263E+11;4.81842E+11;4.87375E+11;5.24573E+11;5.43771E+11;5.80115E+11;6.21095E+11;6.59263E+11;6.99258E+11;7.47395E+11;7.97302E+11;8.47084E+11;..;
Poland;POL;GDP, PPP (constant 2011 international $);NY.GDP.MKTP.PP.KD;..;..;..;..;..;..;..;..;..;..;..;..;..;..;..;..;..;..;..;..;3.9165E+11;3.64174E+11;3.73333E+11;3.87289E+11;4.07788E+11;4.36136E+11;4.62551E+11;4.92429E+11;5.15154E+11;5.39067E+11;5.63645E+11;5.70679E+11;5.8233E+11;6.03075E+11;6.34047E+11;6.56199E+11;6.96749E+11;7.45765E+11;7.77457E+11;7.99383E+11;8.28216E+11;8.6977E+11;8.83755E+11;8.96056E+11;9.25791E+11;9.61333E+11;9.90787E+11;1.03971E+12;1.09323E+12;..;
Portugal;PRT;GDP, PPP (constant 2011 international $);NY.GDP.MKTP.PP.KD;..;..;..;..;..;..;..;..;..;..;..;..;..;..;..;..;..;..;..;..;2.01102E+11;2.09887E+11;2.12174E+11;2.07838E+11;2.09844E+11;2.18831E+11;2.26499E+11;2.36467E+11;2.47836E+11;2.57518E+11;2.67346E+11;2.72542E+11;2.74643E+11;2.72087E+11;2.76954E+11;2.7912E+11;2.83655E+11;2.90766E+11;2.91694E+11;2.82587E+11;2.87497E+11;2.82621E+11;2.71154E+11;2.68652E+11;2.7078E+11;2.75633E+11;2.81199E+11;2.91059E+11;2.98165E+11;..;
Puerto Rico;PRI;GDP, PPP (constant 2011 international $);NY.GDP.MKTP.PP.KD;..;..;..;..;..;..;..;..;..;..;..;..;..;..;..;..;..;..;..;..;78617551538;80429207467;84100038170;88006087151;91689985536;95860952072;98078894118;1.02865E+11;1.08554E+11;1.14405E+11;1.18148E+11;1.25608E+11;1.26759E+11;1.26827E+11;1.37922E+11;1.35182E+11;1.33277E+11;1.31727E+11;1.29298E+11;1.26773E+11;1.26249E+11;1.25797E+11;1.25833E+11;1.25447E+11;1.23954E+11;1.22653E+11;1.21104E+11;1.17886E+11;1.12103E+11;..;
Qatar;QAT;GDP, PPP (constant 2011 international $);NY.GDP.MKTP.PP.KD;..;..;..;..;..;..;..;..;..;..;..;..;..;..;..;..;..;..;..;..;..;..;..;..;..;..;..;..;..;..;64156673602;66657620467;71445071915;74102799038;88344553238;94963997266;1.19816E+11;1.41366E+11;1.66336E+11;1.86224E+11;2.2271E+11;2.52498E+11;2.64333E+11;2.75991E+11;2.86972E+11;2.97468E+11;3.03808E+11;3.08608E+11;3.13217E+11;..;
Romania;ROU;GDP, PPP (constant 2011 international $);NY.GDP.MKTP.PP.KD;..;..;..;..;..;..;..;..;..;..;..;..;..;..;..;..;..;..;..;..;2.6556E+11;2.31255E+11;2.1098E+11;2.14206E+11;2.22628E+11;2.36506E+11;2.45748E+11;2.33831E+11;2.29085E+11;2.28222E+11;2.33839E+11;2.46041E+11;2.60073E+11;2.66162E+11;2.93917E+11;3.07638E+11;3.32337E+11;3.56378E+11;3.89548E+11;3.68055E+11;3.53696E+11;3.60795E+11;3.6829E+11;3.81233E+11;3.94237E+11;4.095E+11;4.29159E+11;4.59678E+11;4.77853E+11;..;
Russian Federation;RUS;GDP, PPP (constant 2011 international $);NY.GDP.MKTP.PP.KD;..;..;..;..;..;..;..;..;..;..;..;..;..;..;..;..;..;..;..;..;3.09452E+12;2.93834E+12;2.51137E+12;2.29367E+12;2.00536E+12;1.92227E+12;1.85008E+12;1.87598E+12;1.77656E+12;1.89025E+12;2.07928E+12;2.18533E+12;2.28804E+12;2.45506E+12;2.63182E+12;2.80026E+12;3.02988E+12;3.28742E+12;3.45837E+12;3.18862E+12;3.3321E+12;3.47538E+12;3.60398E+12;3.66885E+12;3.69453E+12;3.60927E+12;3.62115E+12;3.68019E+12;3.76317E+12;..;
Rwanda;RWA;GDP, PPP (constant 2011 international $);NY.GDP.MKTP.PP.KD;..;..;..;..;..;..;..;..;..;..;..;..;..;..;..;..;..;..;..;..;6310503745;6151833723;6513114014;5984985667;2977646053;4026494430;4539699160;5168436257;5626290944;5869480514;6360809339;6900497405;7810815686;7982838933;8577374942;9381753953;10388391726;11181365638;12429346532;13205961751;14174573511;15302636873;16625023104;17409695944;18482847118;20121894756;21325452232;22629856750;24577541989;..;
Samoa;WSM;GDP, PPP (constant 2011 international $);NY.GDP.MKTP.PP.KD;..;..;..;..;..;..;..;..;..;..;..;..;..;..;..;..;..;..;..;..;601534806.3;587699463.5;586524121.3;610571538.1;595050220.8;634761741.6;680331070.5;684708489.2;699737062.2;715029387.9;764500771.8;817555335.1;853069902.9;891590096.4;932826155.7;971599001.2;990727919.4;1053368097;1063997494;1012837598;1017690697;1060162941;1016815817;1012556934;1013349214;1056641412;1141744978;1153340105;1128334548;..;
San Marino;SMR;GDP, PPP (constant 2011 international $);NY.GDP.MKTP.PP.KD;..;..;..;..;..;..;..;..;..;..;..;..;..;..;..;..;..;..;..;..;..;..;..;..;..;..;..;1732368993;1862521068;2030073164;2074953190;2190145256;2197625260;2282897309;2387617369;2444465402;2538713456;2719729560;2764609585;2410057382;2297857318;2080937193;1923857103;1865513070;1848723452;1859815793;1900731740;1929242716;..;..;
Sao Tome and Principe;STP;GDP, PPP (constant 2011 international $);NY.GDP.MKTP.PP.KD;..;..;..;..;..;..;..;..;..;..;..;..;..;..;..;..;..;..;..;..;..;..;..;..;..;..;..;..;..;..;..;285733747.1;292525288.2;311754358.2;323701493.1;346664134;378264811.1;390572053.6;422544953;432797082.3;461673240.1;481978560.4;497122210.3;521057622.6;555186548.3;576274748.3;600319107.5;623558576.5;640130853.8;..;
Saudi Arabia;SAU;GDP, PPP (constant 2011 international $);NY.GDP.MKTP.PP.KD;..;..;..;..;..;..;..;..;..;..;..;..;..;..;..;..;..;..;..;..;6.93189E+11;7.97223E+11;8.29012E+11;8.17706E+11;8.22275E+11;8.24019E+11;8.45752E+11;8.55087E+11;8.79828E+11;8.46718E+11;8.94349E+11;8.83521E+11;8.58613E+11;9.55139E+11;1.03115E+12;1.08863E+12;1.11898E+12;1.13965E+12;1.21088E+12;1.18594E+12;1.24571E+12;1.37024E+12;1.44439E+12;1.48338E+12;1.53756E+12;1.6007E+12;1.62744E+12;1.61537E+12;1.65469E+12;..;
Senegal;SEN;GDP, PPP (constant 2011 international $);NY.GDP.MKTP.PP.KD;..;..;..;..;..;..;..;..;..;..;..;..;..;..;..;..;..;..;..;..;17486214133;17933131242;18155976800;18392146189;18388959077;19375245911;19765100100;20382568405;21584869376;22954886029;23689210087;24774393006;24936616635;26603187625;28165000172;29748607403;30480890273;31986184493;33283664316;33980134007;35190759665;35703977717;37531091015;38590258055;41142260663;43761896779;46543576582;49840221943;53212557802;..;
Serbia;SRB;GDP, PPP (constant 2011 international $);NY.GDP.MKTP.PP.KD;..;..;..;..;..;..;..;..;..;..;..;..;..;..;..;..;..;..;..;..;..;..;..;..;..;56039456125;57399060204;61523086736;63018378677;55363796231;59659589116;62638221793;67095424917;70057965742;76395768764;84153228725;88451597145;94147462102;99472045130;96754713906;97462032802;99446628579;98768860883;1.01626E+11;1.00011E+11;1.01787E+11;1.05187E+11;1.07343E+11;1.12057E+11;..;
Seychelles;SYC;GDP, PPP (constant 2011 international $);NY.GDP.MKTP.PP.KD;..;..;..;..;..;..;..;..;..;..;..;..;..;..;..;..;..;..;..;..;988148343.6;1015425448;1088144804;1155573327;1146343797;1136879097;1192785415;1335461110;1447685229;1474785992;1497119249;1463117234;1480862377;1393682121;1353955858;1475889892;1614713983;1782990369;1744711479;1725428129;1828176727;1972370137;1997238348;2117433686;2212819526;2322074959;2426638753;2531770162;2623606367;..;
Sierra Leone;SLE;GDP, PPP (constant 2011 international $);NY.GDP.MKTP.PP.KD;..;..;..;..;..;..;..;..;..;..;..;..;..;..;..;..;..;..;..;..;5392787874;5519624123;4470182976;4531627849;4443379638;4087920229;4159615049;3915151061;3985037067;3906161802;4166028118;3901674672;4932392422;5391752095;5747496926;6006427161;6260133495;6764584139;7129755684;7357055947;7750398446;8239839598;9490793019;11456883709;11978947820;9511431824;10087394108;10512192699;10874459954;..;
Singapore;SGP;GDP, PPP (constant 2011 international $);NY.GDP.MKTP.PP.KD;..;..;..;..;..;..;..;..;..;..;..;..;..;..;..;..;..;..;..;..;1.06381E+11;1.13496E+11;1.21032E+11;1.34905E+11;1.49877E+11;1.60669E+11;1.72673E+11;1.87039E+11;1.82933E+11;1.93404E+11;2.10887E+11;2.08632E+11;2.16799E+11;2.26633E+11;2.48887E+11;2.67203E+11;2.91265E+11;3.17543E+11;3.23476E+11;3.23867E+11;3.70911E+11;3.94138E+11;4.11675E+11;4.31497E+11;4.48328E+11;4.61296E+11;4.74961E+11;4.92533E+11;5.07996E+11;..;
Sint Maarten (Dutch part);SXM;GDP, PPP (constant 2011 international $);NY.GDP.MKTP.PP.KD;..;..;..;..;..;..;..;..;..;..;..;..;..;..;..;..;..;..;..;..;..;..;..;..;..;..;..;..;..;..;..;..;..;..;..;..;..;..;..;1125583725;1161602337;1215036079;1231931723;1248029719;1267753389;1274207089;1279718115;1171890551;..;..;
Slovak Republic;SVK;GDP, PPP (constant 2011 international $);NY.GDP.MKTP.PP.KD;..;..;..;..;..;..;..;..;..;..;..;..;..;..;..;..;..;..;..;..;..;..;61960444969;63138515827;67056595512;70975044545;75673518350;80157807547;83425119713;83336758749;84308904672;87052136720;90977701928;95980642067;1.01047E+11;1.0774E+11;1.16891E+11;1.29552E+11;1.36775E+11;1.29313E+11;1.36711E+11;1.40627E+11;1.43293E+11;1.44254E+11;1.48225E+11;1.55372E+11;1.58671E+11;1.63496E+11;1.70091E+11;..;
Slovenia;SVN;GDP, PPP (constant 2011 international $);NY.GDP.MKTP.PP.KD;..;..;..;..;..;..;..;..;..;..;..;..;..;..;..;..;..;..;..;..;37930941249;34555046834;32667063053;33595924177;35385742908;36839092185;38019049035;39938932834;41248677494;43448332052;45043915125;46492780152;48122630768;49547185877;51707043353;53670861602;56755002347;60716593697;62847649734;58103633406;58884400095;59391588538;57823983948;57228811031;58812994953;60112810147;61989351610;64985534338;67661780219;..;
Solomon Islands;SLB;GDP, PPP (constant 2011 international $);NY.GDP.MKTP.PP.KD;..;..;..;..;..;..;..;..;..;..;..;..;..;..;..;..;..;..;..;..;587250778.3;622510364.7;701509714.7;729404956.8;796465134.7;861963178.2;875799237.3;863190586.7;878588753.6;874348678.2;749601128.9;689793719.9;670479478.3;714060656.7;749037996.4;789644793.6;844498653.7;906315965.8;970721227.5;924725092;987690039.7;1118021984;1168952299;1204229521;1231325780;1262629032;1303297651;1351436491;1403530472;..;
Somalia;SOM;GDP, PPP (constant 2011 international $);NY.GDP.MKTP.PP.KD;..;..;..;..;..;..;..;..;..;..;..;..;..;..;..;..;..;..;..;..;..;..;..;..;..;..;..;..;..;..;..;..;..;..;..;..;..;..;..;..;..;..;..;..;..;..;..;..;..;..;
South Africa;ZAF;GDP, PPP (constant 2011 international $);NY.GDP.MKTP.PP.KD;..;..;..;..;..;..;..;..;..;..;..;..;..;..;..;..;..;..;..;..;3.64333E+11;3.60623E+11;3.52917E+11;3.5727E+11;3.68702E+11;3.80132E+11;3.96478E+11;4.06786E+11;4.0882E+11;4.18632E+11;4.36214E+11;4.47992E+11;4.6457E+11;4.7827E+11;5.00053E+11;5.26441E+11;5.55942E+11;5.85743E+11;6.04435E+11;5.95138E+11;6.13228E+11;6.33368E+11;6.47387E+11;6.63475E+11;6.7573E+11;6.83796E+11;6.86525E+11;6.96236E+11;7.01716E+11;..;
South Sudan;SSD;GDP, PPP (constant 2011 international $);NY.GDP.MKTP.PP.KD;..;..;..;..;..;..;..;..;..;..;..;..;..;..;..;..;..;..;..;..;..;..;..;..;..;..;..;..;..;..;..;..;..;..;..;..;..;..;28792559774;30244177526;31905616133;30425094488;16404565213;18558440521;19184537031;17113879998;..;..;..;..;
Spain;ESP;GDP, PPP (constant 2011 international $);NY.GDP.MKTP.PP.KD;..;..;..;..;..;..;..;..;..;..;..;..;..;..;..;..;..;..;..;..;9.24962E+11;9.48511E+11;9.57325E+11;9.4745E+11;9.7003E+11;9.96778E+11;1.0233E+12;1.06119E+12;1.1078E+12;1.15755E+12;1.21828E+12;1.26619E+12;1.30077E+12;1.33956E+12;1.38139E+12;1.43184E+12;1.49058E+12;1.54431E+12;1.55801E+12;1.49938E+12;1.50183E+12;1.4896E+12;1.44551E+12;1.42476E+12;1.44448E+12;1.49988E+12;1.54534E+12;1.59003E+12;1.62741E+12;..;
Sri Lanka;LKA;GDP, PPP (constant 2011 international $);NY.GDP.MKTP.PP.KD;..;..;..;..;..;..;..;..;..;..;..;..;..;..;..;..;..;..;..;..;62600791135;65480419542;68361552274;73078542621;77170881614;81415345878;84509102321;89922248106;94147175734;98196013154;1.04088E+11;1.02479E+11;1.06542E+11;1.12871E+11;1.19017E+11;1.26446E+11;1.36142E+11;1.45395E+11;1.54046E+11;1.59498E+11;1.72283E+11;1.86763E+11;2.03842E+11;2.10764E+11;2.21219E+11;2.32297E+11;2.4272E+11;2.5102E+11;2.59076E+11;..;
St. Kitts and Nevis;KNA;GDP, PPP (constant 2011 international $);NY.GDP.MKTP.PP.KD;..;..;..;..;..;..;..;..;..;..;..;..;..;..;..;..;..;..;..;..;631671039;619895331;646357749.1;690323896.8;726919006.2;766049834.3;810810350.2;866136960.2;861925268;889673977.3;982264063;1036458082;1062055460;1025475626;1067088404;1170545128;1204698138;1204081842;1282200932;1239010279;1202624878;1224614096;1197329543;1261790063;1341091098;1354954014;1393250148;1365700828;1405633085;..;
St. Lucia;LCA;GDP, PPP (constant 2011 international $);NY.GDP.MKTP.PP.KD;..;..;..;..;..;..;..;..;..;..;..;..;..;..;..;..;..;..;..;..;1329521259;1334515960;1440651045;1449052926;1472216914;1497954553;1541733606;1531031960;1627279856;1670738071;1671552530;1614584946;1621308892;1690451410;1813303426;1805863370;1917741232;1957396658;2054817537;2024939744;2031091879;2115166407;2109081695;2067438576;2095118458;2100026244;2166100049;2221335985;2240375846;..;
St. Martin (French part);MAF;GDP, PPP (constant 2011 international $);NY.GDP.MKTP.PP.KD;..;..;..;..;..;..;..;..;..;..;..;..;..;..;..;..;..;..;..;..;..;..;..;..;..;..;..;..;..;..;..;..;..;..;..;..;..;..;..;..;..;..;..;..;..;..;..;..;..;..;
St. Vincent and the Grenadines;VCT;GDP, PPP (constant 2011 international $);NY.GDP.MKTP.PP.KD;..;..;..;..;..;..;..;..;..;..;..;..;..;..;..;..;..;..;..;..;599463888.1;606272257.1;644934862.5;672351193;663962017.9;715534695.2;724744522.5;750152785.6;780830158.1;801997822.9;815144001.9;829076961.6;881488285.2;949272894.2;988727374.3;1013326959;1091235194;1127710386;1145578639;1121532241;1083921367;1079375927;1094297440;1114353636;1127882323;1142886265;1164571857;1176221743;1201664936;..;
Sudan;SDN;GDP, PPP (constant 2011 international $);NY.GDP.MKTP.PP.KD;..;..;..;..;..;..;..;..;..;..;..;..;..;..;..;..;..;..;..;..;45183271340;48576946468;51772270672;54137615869;54682363849;57961715692;61392541956;67879729978;70804330930;73002165107;77634785973;82681326874;87995482217;94801573496;98483009912;1.05859E+11;1.16513E+11;1.29938E+11;1.40075E+11;1.44616E+11;1.49634E+11;1.46689E+11;1.47454E+11;1.53934E+11;1.58059E+11;1.65813E+11;1.73607E+11;1.81042E+11;1.76841E+11;..;
Suriname;SUR;GDP, PPP (constant 2011 international $);NY.GDP.MKTP.PP.KD;..;..;..;..;..;..;..;..;..;..;..;..;..;..;..;..;..;..;..;..;4220636839;4334593996;4351932374;4060352970;4198404952;4198404952;4240389023;4482091138;4585179290;4520986779;4615927441;4809796396;4944470737;5255972349;5702730013;5959352903;6304610611;6626870013;6901448178;7109437027;7476911397;7914263444;8127184835;8365591025;8386965373;8100877945;7650372453;7779440632;7927250004;..;
Sweden;SWE;GDP, PPP (constant 2011 international $);NY.GDP.MKTP.PP.KD;..;..;..;..;..;..;..;..;..;..;..;..;..;..;..;..;..;..;..;..;2.64225E+11;2.61197E+11;2.58171E+11;2.52838E+11;2.62881E+11;2.73392E+11;2.77807E+11;2.86416E+11;2.9862E+11;3.11495E+11;3.26678E+11;3.31474E+11;3.38753E+11;3.46357E+11;3.61341E+11;3.71805E+11;3.88917E+11;4.0226E+11;4.01286E+11;3.84286E+11;4.08069E+11;4.20525E+11;4.17871E+11;4.22417E+11;4.34022E+11;4.53209E+11;4.64145E+11;4.7534E+11;4.85917E+11;..;
Switzerland;CHE;GDP, PPP (constant 2011 international $);NY.GDP.MKTP.PP.KD;..;..;..;..;..;..;..;..;..;..;..;..;..;..;..;..;..;..;..;..;3.23565E+11;3.20602E+11;3.20462E+11;3.20058E+11;3.24122E+11;3.25681E+11;3.27439E+11;3.35102E+11;3.45121E+11;3.5097E+11;3.64788E+11;3.69575E+11;3.70175E+11;3.70322E+11;3.80603E+11;3.9246E+11;4.08114E+11;4.24895E+11;4.3405E+11;4.24405E+11;4.37149E+11;4.44549E+11;4.49021E+11;4.57337E+11;4.68538E+11;4.74786E+11;4.82965E+11;4.91655E+11;5.05179E+11;..;
Syrian Arab Republic;SYR;GDP, PPP (constant 2011 international $);NY.GDP.MKTP.PP.KD;..;..;..;..;..;..;..;..;..;..;..;..;..;..;..;..;..;..;..;..;..;..;..;..;..;..;..;..;..;..;..;..;..;..;..;..;..;..;..;..;..;..;..;..;..;..;..;..;..;..;
Tajikistan;TJK;GDP, PPP (constant 2011 international $);NY.GDP.MKTP.PP.KD;..;..;..;..;..;..;..;..;..;..;..;..;..;..;..;..;..;..;..;..;19345840678;17972286165;12760322987;10667630037;8395425051;7353022024;6125067461;6228009886;6558895809;6801545486;7367728203;8073618172;8948628163;9926579753;10956003175;11683952205;12507490778;13478089485;14544277734;15110460451;16095765337;17286955073;18581086820;19956102343;21294352214;22573778195;24125265798;25963006157;27858305681;..;
Tanzania;TZA;GDP, PPP (constant 2011 international $);NY.GDP.MKTP.PP.KD;..;..;..;..;..;..;..;..;..;..;..;..;..;..;..;..;..;..;..;..;37873046190;38657771242;38883657156;39352516608;39969430965;41396304425;43277504340;44803156763;46464687027;48724666098;50927403316;54019108338;57850789021;61711050586;66341733447;71301653241;75959235086;81100562652;85712278720;90228548896;95945902035;1.03307E+11;1.07956E+11;1.15277E+11;1.23038E+11;1.30618E+11;1.39588E+11;1.4906E+11;1.57176E+11;..;
Thailand;THA;GDP, PPP (constant 2011 international $);NY.GDP.MKTP.PP.KD;..;..;..;..;..;..;..;..;..;..;..;..;..;..;..;..;..;..;..;..;3.76301E+11;4.08505E+11;4.41527E+11;4.77957E+11;5.16179E+11;5.58094E+11;5.89639E+11;5.73403E+11;5.29631E+11;5.53847E+11;5.78525E+11;5.98451E+11;6.35249E+11;6.80919E+11;7.23744E+11;7.54053E+11;7.91514E+11;8.34533E+11;8.48935E+11;8.43071E+11;9.06416E+11;9.14029E+11;9.80231E+11;1.00657E+12;1.01648E+12;1.04834E+12;1.08352E+12;1.12713E+12;1.17367E+12;..;
Timor-Leste;TLS;GDP, PPP (constant 2011 international $);NY.GDP.MKTP.PP.KD;..;..;..;..;..;..;..;..;..;..;..;..;..;..;..;..;..;..;..;..;..;..;..;..;..;..;..;..;..;..;2887065431;3152752723;2936261922;2901544379;4760891568;6469104340;9165251868;9647839608;10605215794;9964487866;9847697777;10976037920;11527378001;10249427401;7594090588;9160417555;9225155469;8380685868;8616516884;..;
Togo;TGO;GDP, PPP (constant 2011 international $);NY.GDP.MKTP.PP.KD;..;..;..;..;..;..;..;..;..;..;..;..;..;..;..;..;..;..;..;..;4900866599;4866562126;4672839529;3967435735;4561853396;4919768764;5354489943;6124325180;5983473260;6131968193;6083925473;5984951792;5929761498;6223545463;6355426456;6430446352;6691034567;6844289628;7122321977;7516749828;7975215880;8485486067;9040734444;9593335150;10161317055;10744866530;11342183867;11836409765;12417594948;..;
Tonga;TON;GDP, PPP (constant 2011 international $);NY.GDP.MKTP.PP.KD;..;..;..;..;..;..;..;..;..;..;..;..;..;..;..;..;..;..;..;..;340095398.9;361912314.1;362824280.7;376386824.1;395027482.4;409690402.2;409732255.7;409193116;420318310.2;436633825.3;451347685.3;467604275;483591088.4;493788001.4;492052731.5;499837834.3;495778040.8;475125039.6;489851634.6;501072238.4;519038972;533494964.6;538244790.7;521448304.1;532255879.5;552012402.7;570667517;586075539.9;587833732.8;..;
Trinidad and Tobago;TTO;GDP, PPP (constant 2011 international $);NY.GDP.MKTP.PP.KD;..;..;..;..;..;..;..;..;..;..;..;..;..;..;..;..;..;..;..;..;13324657195;13739374873;15126087165;15024876282;15560840755;16153695272;17306177021;18608095559;20119922192;21734509257;23234485897;24203021013;26123944527;29896500623;32273287822;34277116215;38804457813;40649303110;42028020596;40182263723;41517610641;41395401723;41921108574;42855561443;42464485173;43238691168;40516189915;39579408759;39482354627;..;
Tunisia;TUN;GDP, PPP (constant 2011 international $);NY.GDP.MKTP.PP.KD;..;..;..;..;..;..;..;..;..;..;..;..;..;..;..;..;..;..;..;..;46226647876;48031588284;51780803831;52914714832;54596562156;55880493068;59873758276;63131455597;66151514541;70156746972;73461031497;76249747294;77258198710;80891197374;85935405701;88931574399;93595319741;99875210401;1.04108E+11;1.07276E+11;1.11042E+11;1.08913E+11;1.13267E+11;1.16524E+11;1.19987E+11;1.2142E+11;1.22953E+11;1.25197E+11;1.28305E+11;..;
Turkey;TUR;GDP, PPP (constant 2011 international $);NY.GDP.MKTP.PP.KD;..;..;..;..;..;..;..;..;..;..;..;..;..;..;..;..;..;..;..;..;6.14717E+11;6.19145E+11;6.50323E+11;7.0008E+11;6.674E+11;7.19979E+11;7.73111E+11;8.31695E+11;8.50892E+11;8.22053E+11;8.76638E+11;8.2437E+11;8.77379E+11;9.26585E+11;1.01595E+12;1.10748E+12;1.18622E+12;1.24589E+12;1.25643E+12;1.19732E+12;1.29894E+12;1.4433E+12;1.51243E+12;1.64085E+12;1.72563E+12;1.83065E+12;1.88894E+12;2.03006E+12;2.08744E+12;..;
Turkmenistan;TKM;GDP, PPP (constant 2011 international $);NY.GDP.MKTP.PP.KD;..;..;..;..;..;..;..;..;..;..;..;..;..;..;..;..;..;..;..;..;30638649933;29227659458;24853451862;25226253683;20862146993;19360063870;20657186631;18302267308;19601728350;22836013430;24084929649;25131141834;25195774085;26019380745;27320455794;30881413529;34270126251;38060162142;43655005977;46317961392;50579213834;58014358232;64453951973;71028255140;78344165398;83436536078;88609601287;94369225412;1.0022E+11;..;
Turks and Caicos Islands;TCA;GDP, PPP (constant 2011 international $);NY.GDP.MKTP.PP.KD;..;..;..;..;..;..;..;..;..;..;..;..;..;..;..;..;..;..;..;..;..;..;..;..;..;..;..;..;..;..;..;..;..;..;..;..;..;..;..;..;..;662387625.6;645629218.7;654444129;698315997.7;739804842.4;772354048.7;805375782.3;847916419.6;..;
Tuvalu;TUV;GDP, PPP (constant 2011 international $);NY.GDP.MKTP.PP.KD;..;..;..;..;..;..;..;..;..;..;..;..;..;..;..;..;..;..;..;..;21190474.15;21955273.32;22567576.6;23495259.95;25911391.95;24614672.58;23147303.05;25462779.7;29409821.19;28949912.95;28668925.14;29137406.24;31435232.9;30387327.93;29976436.22;28843407.88;29460350.58;31331249.26;33832504.63;32332759.98;31450260.6;33814047.79;32517025.85;34005272.8;34463668.19;37614644.81;38756145.15;40342828.6;41351399.31;..;
Uganda;UGA;GDP, PPP (constant 2011 international $);NY.GDP.MKTP.PP.KD;..;..;..;..;..;..;..;..;..;..;..;..;..;..;..;..;..;..;..;..;13418410312;14163681634;14647846822;15867469396;16883564338;18829098620;20537296022;21584698501;22643485267;24467179881;25235916001;26544060369;28862069750;30730386182;32822275277;34900767232;38664725767;41917367197;45567846709;48667151708;51410810957;56239143509;58397295674;60491951675;63580856634;66879342376;70076843930;72783929059;77261854694;..;
Ukraine;UKR;GDP, PPP (constant 2011 international $);NY.GDP.MKTP.PP.KD;..;..;..;..;..;..;..;..;..;..;..;..;..;..;..;..;..;..;..;..;5.42996E+11;4.97326E+11;4.49091E+11;3.85203E+11;2.9686E+11;2.60643E+11;2.34579E+11;2.27541E+11;2.23218E+11;2.22772E+11;2.35915E+11;2.57628E+11;2.71152E+11;2.96955E+11;3.32912E+11;3.42891E+11;3.68401E+11;3.96376E+11;4.05508E+11;3.45661E+11;3.58915E+11;3.78532E+11;3.79435E+11;3.79334E+11;3.54478E+11;3.19835E+11;3.27642E+11;3.35722E+11;3.4692E+11;..;
United Arab Emirates;ARE;GDP, PPP (constant 2011 international $);NY.GDP.MKTP.PP.KD;..;..;..;..;..;..;..;..;..;..;..;..;..;..;..;..;..;..;..;..;2.05424E+11;2.0719E+11;2.14121E+11;2.16821E+11;2.31774E+11;2.47274E+11;2.61612E+11;2.83039E+11;2.83866E+11;2.92104E+11;3.23805E+11;3.28336E+11;3.36326E+11;3.65924E+11;4.0093E+11;4.20396E+11;4.61752E+11;4.76455E+11;4.91663E+11;4.65886E+11;4.73353E+11;5.06158E+11;5.28857E+11;5.55582E+11;5.79385E+11;6.08968E+11;6.27608E+11;6.30689E+11;6.41576E+11;..;
United Kingdom;GBR;GDP, PPP (constant 2011 international $);NY.GDP.MKTP.PP.KD;..;..;..;..;..;..;..;..;..;..;..;..;..;..;..;..;..;..;..;..;1.52002E+12;1.50349E+12;1.50906E+12;1.54719E+12;1.60745E+12;1.66486E+12;1.70634E+12;1.77212E+12;1.83671E+12;1.89968E+12;1.96498E+12;2.02342E+12;2.07046E+12;2.1385E+12;2.18926E+12;2.25888E+12;2.32186E+12;2.3783E+12;2.37161E+12;2.27087E+12;2.31514E+12;2.3508E+12;2.38556E+12;2.4366E+12;2.50013E+12;2.55903E+12;2.60811E+12;2.65746E+12;2.69428E+12;..;
United States;USA;GDP, PPP (constant 2011 international $);NY.GDP.MKTP.PP.KD;..;..;..;..;..;..;..;..;..;..;..;..;..;..;..;..;..;..;..;..;9.18926E+12;9.17931E+12;9.50265E+12;9.76424E+12;1.01576E+13;1.04303E+13;1.08238E+13;1.13051E+13;1.18118E+13;1.23732E+13;1.28839E+13;1.30125E+13;1.32392E+13;1.3618E+13;1.41353E+13;1.46319E+13;1.50496E+13;1.5332E+13;1.5311E+13;1.49226E+13;1.53052E+13;1.55426E+13;1.58922E+13;1.6185E+13;1.65818E+13;1.70595E+13;1.73269E+13;1.7711E+13;1.82295E+13;..;
Uruguay;URY;GDP, PPP (constant 2011 international $);NY.GDP.MKTP.PP.KD;..;..;..;..;..;..;..;..;..;..;..;..;..;..;..;..;..;..;..;..;30604531170;31687566922;34200894308;35109798842;37666263599;37121007158;39191601256;42541575185;44463982203;43601731264;42760248093;41116488582;37937358720;38242862169;40156596320;43152331457;44920963138;47859472816;51293937819;53470593093;57643122517;60618737179;62763536440;65674219688;67801270555;68052637837;69202590060;70995863552;72146055915;..;
Uzbekistan;UZB;GDP, PPP (constant 2011 international $);NY.GDP.MKTP.PP.KD;..;..;..;..;..;..;..;..;..;..;..;..;..;..;..;..;..;..;..;..;78995754110;78607094996;69803100359;68197629047;64651352342;64069490167;65158671502;68546922418;71494440082;74568701008;77428410691;80652404471;83857118240;87406477588;93917386632;1.00445E+11;1.07929E+11;1.18153E+11;1.28822E+11;1.39193E+11;1.49768E+11;1.61427E+11;1.73333E+11;1.8648E+11;1.99868E+11;2.14753E+11;2.27841E+11;2.38006E+11;2.50197E+11;..;
Vanuatu;VUT;GDP, PPP (constant 2011 international $);NY.GDP.MKTP.PP.KD;..;..;..;..;..;..;..;..;..;..;..;..;..;..;..;..;..;..;..;..;373812289.9;385547459.7;395540913.6;398510397.8;434601042.6;438998163.3;449220038.8;471291296.6;491563731.6;493209429.1;522417511.1;504192935.7;478422532.8;498963275;518845738.2;546359361.4;592609554.7;623268288.6;663459877.3;685439081;696605442.9;705126498.6;717499705.3;731628322.6;748682624.3;750179989.5;776436289.2;810599485.9;836538669.4;..;
Venezuela; RB;VEN;GDP, PPP (constant 2011 international $);NY.GDP.MKTP.PP.KD;..;..;..;..;..;..;..;..;..;..;..;..;..;..;..;..;..;..;..;..;2.87019E+11;3.14945E+11;3.34033E+11;3.34953E+11;3.27083E+11;3.40008E+11;3.39335E+11;3.60954E+11;3.62016E+11;3.40402E+11;3.52952E+11;3.64932E+11;3.32615E+11;3.0682E+11;3.62927E+11;4.00373E+11;4.39898E+11;4.78405E+11;5.03655E+11;4.87526E+11;4.80268E+11;5.00326E+11;5.28474E+11;5.35572E+11;5.14715E+11;4.82692E+11;4.0044E+11;3.37685E+11;2.71427E+11;..
Vietnam;VNM;GDP, PPP (constant 2011 international $);NY.GDP.MKTP.PP.KD;..;..;..;..;..;..;..;..;..;..;..;..;..;..;..;..;..;..;..;..;99100198964;1.05007E+11;1.14086E+11;1.23296E+11;1.34194E+11;1.46997E+11;1.60727E+11;1.73829E+11;1.8385E+11;1.92626E+11;2.057E+11;2.18439E+11;2.32246E+11;2.48269E+11;2.66979E+11;2.87129E+11;3.07165E+11;3.29064E+11;3.47695E+11;3.66463E+11;3.90002E+11;4.14339E+11;4.36081E+11;4.59725E+11;4.87233E+11;5.19777E+11;5.52059E+11;5.89667E+11;6.3139E+11;..;
Virgin Islands (U.S.);VIR;GDP, PPP (constant 2011 international $);NY.GDP.MKTP.PP.KD;..;..;..;..;..;..;..;..;..;..;..;..;..;..;..;..;..;..;..;..;..;..;..;..;..;..;..;..;..;..;..;..;..;..;..;..;..;..;..;..;..;..;..;..;..;..;..;..;..;..;
West Bank and Gaza;PSE;GDP, PPP (constant 2011 international $);NY.GDP.MKTP.PP.KD;..;..;..;..;..;..;..;..;..;..;..;..;..;..;..;..;..;..;..;..;..;..;..;..;7657804994;8202926748;8302604676;9520366398;10885035089;11786362735;10777899936;9774408671;8553664028;9752534073;10761245487;11923326788;11458245744;12213412113;12955901260;14078210745;15218417600;17107576520;18182656963;18585843282;18552037306;19188136993;20091598000;20722521751;20910118229;..;
Yemen; Rep.;YEM;GDP, PPP (constant 2011 international $);NY.GDP.MKTP.PP.KD;..;..;..;..;..;..;..;..;..;..;..;..;..;..;..;..;..;..;..;..;40115006972;42639642472;46139332974;47985813568;51211395542;54114759714;56622961140;59584971678;63164058954;65548837262;69601011054;72248387038;75091528326;77905506896;81000456165;85529797613;88241442322;91187319301;94513440121;98167546639;1.05729E+11;92285415712;94493796675;99051722974;98864822047;82375689153;71154918891;66926666268;65118659201;..
Zambia;ZMB;GDP, PPP (constant 2011 international $);NY.GDP.MKTP.PP.KD;..;..;..;..;..;..;..;..;..;..;..;..;..;..;..;..;..;..;..;..;18799289208;18792496388;18467212901;19722479971;18021328910;18543527352;19696665221;20447897509;20369020533;21316218637;22146980517;23324506297;24375511882;26068384840;27901616662;29920465760;32285287950;34981896043;37701352195;41177548222;45418096902;47945443548;51588154703;54198193616;56743246685;58400082027;60594276947;62656402505;65034150898;..;
Zimbabwe;ZWE;GDP, PPP (constant 2011 international $);NY.GDP.MKTP.PP.KD;..;..;..;..;..;..;..;..;..;..;..;..;..;..;..;..;..;..;..;..;29414727075;31041885769;28243282802;28540249235;31175998007;31225264081;34460419008;35384162992;36405071041;36107342719;35002750587;35506655569;32348685232;26851002014;25291619854;23847194280;23021724797;22180665941;18261575990;20456537060;24481426830;27956299245;32615336382;33264216139;34054883048;34661016615;34923008582;36565799251;38817956228;..;
;;;;;;;;;;;;;;;;;;;;;;;;;;;;;;;;;;;;;;;;;;;;;;;;;;;;;;
;;;;;;;;;;;;;;;;;;;;;;;;;;;;;;;;;;;;;;;;;;;;;;;;;;;;;;
;;;;;;;;;;;;;;;;;;;;;;;;;;;;;;;;;;;;;;;;;;;;;;;;;;;;;;
Data from database: World Development Indicators;;;;;;;;;;;;;;;;;;;;;;;;;;;;;;;;;;;;;;;;;;;;;;;;;;;;;;
Last Updated: 02/27/2020;;;;;;;;;;;;;;;;;;;;;;;;;;;;;;;;;;;;;;;;;;;;;;;;;;;;;;
